	YAL008W	YBR255W	YGR131W	YNL003C	YBR135W	YBR160W	YJL082W	YPL191C	YGL215W	YKL074C	YJL077C	YKL096W-A	YIL124W	YPL039W	YGL141W	YJL179W	YDR316W-B	YOR009W	YKL029C	YPL166W	YKL052C	YHR025W	YOL034W	YBL008W	YIL062C	YOL116W	YDR196C	YNL255C	YNR032W	YNR045W	YML105C	YNL288W	YIL004C	YNR018W	YPL144W	YFR047C	YER087C-B	YHR078W	YJR115W	YLR355C	YGR099W	YLR300W	YCL028W	YJR140C	YOR033C	YOR062C	YBR043C	YHR112C	YLR011W	YIL044C	YKR103W	YKR084C	YER121W	YCR046C	YNL144C	YKL204W	YOR266W	YDR393W	YGR186W	YPR194C	YGR019W	YNL208W	YLL057C	YBR296C	YNL277W	YMR040W	YDR077W	YMR266W	YKR064W	YPL089C	YGR277C	YDL139C	YDR246W	YOR288C	YCR028C	YML054C	YLR179C	YOR141C	YPL280W	YBL106C	YGL044C	YER107C	YBR038W	YEL047C	YPR016C	YOR208W	YDL055C	YML009C	YML072C	YDR142C	YFL044C	YKL019W	YJL130C	YBL085W	YFL011W	YDR082W	YDR348C	YKL182W	YDR333C	YKL018C-A	YPL027W	YIR012W	YLR363C	YDR179C	YLR431C	YKR046C	YJR005W	YJL116C	YER030W	YHR041C	YJR072C	YDR047W	YKR039W	YGL003C	YPL009C	YDR268W	YGL192W	YDL117W	YMR131C	YMR293C	YJL214W	YIL105C	YML126C	YLR189C	YIL150C	YGL250W	YBR212W	YJR109C	YLR254C	YGR085C	YPL105C	YGR145W	YGR110W	YGL154C	YOR010C	YJR123W	YKL099C	YDR315C	YLR394W	YNL104C	YNL151C	YNR066C	YLR220W	YIL045W	YMR232W	YNL083W	YGR038C-B	YMR238W	YER168C	YPL265W	YOR227W	YOR081C	YEL026W	YDR021W	YGL063W	YPL212C	YOL157C	YPR095C	YOR310C	YDR188W	YAL027W	YGL236C	YHR133C	YDR017C	YIL090W	YBR183W	YOL048C	YML039W	YCR007C	YDR540C	YEL004W	YPR057W	YLL032C	YDR116C	YPL119C-A	YLR030W	YDR122W	YOL062C	YNL234W	YJL194W	YOL015W	YDL070W	YOR241W	YLR056W	YKL110C	YML100W-A	YBR280C	YLR204W	YML097C	YKR007W	YHR193C	YBL099W	YJR035W	YOR126C	YMR023C	YOR119C	YNL187W	YMR101C	YCL045C	YCR061W	YPR115W	YHR088W	YBR017C	YPR162C	YGR166W	YDL161W	YKL050C	YJR055W	YGL099W	YFL030W	YIL119C	YPL193W	YNL005C	YJL144W	YBR012W-B	YJR139C	YBR133C	YBR162C	YNL331C	YJL079C	YGL019W	YGR201C	YNL172W	YNL058C	YPL160W	YNL023C	YDR214W	YLR222C	YLR295C	YER175W-A	YHR168W	YOR064C	YNL318C	YOL081W	YOL036W	YGL148W	YOR031W	YBR282W	YDR194C	YOL114C	YNL257C	YNR030W	YAL037C-A	YML007C-A	YDR466W	YFR045W	YIL002C	YGR159C	YGL089C	YLR103C	YOR294W	YEL062W	YPR031W	YLR038C	YNL096C	YDR038C	YBR024W	YER171W	YDL047W	YML046W	YGL124C	YMR276W	YMR149W	YLR165C	YCR069W	YGR146C-A	YKL027W	YJL173C	YDR152W	YKL127W	YDR309C	YLR386W	YLR371W	YDL169C	YLR092W	YLR423C	YMR072W	YJR033C	YKR056W	YGL011C	YIR036C	YMR123W	YGR209C	YNL050C	YLR240W	YOR039W	YDL234C	YGL080W	YNL136W	YKL049C	YJR080C	YNR038W	YGL140C	YCL029C	YFL038C	YJR131W	YNR012W	YNL110C	YAL068C	YDR367W	YIL053W	YPL059W	YGL253W	YHL032C	YAR002C-A	YDR444W	YOR337W	YMR010W	YOR097C	YHR118C	YGL075C	YOL023W	YPL253C	YOR259C	YER154W	YEL036C	YBR260C	YPL124W	YAL042W	YAL035W	YBR235W	YDR001C	YIL162W	YOL141W	YBR195C	YIL039W	YGR122W	YPL092W	YGR161C-D	YMR315W	YGR213C	YDR384C	YML007W	YER063W	YDR481C	YER014W	YPR041W	YNL213C	YKL006C-A	YDL159W-A	YBR058C	YLR024C	YLR071C	YHR092C	YDL199C	YHL007C	YBR297W	YDL064W	YDL031W	YMR257C	YDR514C	YOR253W	YOR202W	YGL245W	YGR006W	YGR079W	YDL119C	YKL151C	YGL198W	YKL104C	YBL091C-A	YLR361C-A	YHR038W	YML069W	YKR019C	YGR279C	YCR073C	YLL015W	YNL195C	YFL060C	YDR173C	YBR208C	YCL057W	YBR072W	YBR005W	YDL173W	YJR047C	YMR006C	YAL016W	YDR171W	YHR011W	YPL152W	YLR183C	YNL077W	YBR109C	YBR172C	YDR346C	YJL010C	YOL077W-A	YPL029W	YBR236C	YNL019C	YGL193C	YBR189W	YER085C	YJL225C	YKL064W	YLR265C	YKR022C	YLR287C	YPL174C	YOR070C	YDR403W	YOL093W	YOL042W	YIL070C	YCL037C	YNR071C	YML131W	YNL245C	YNR024W	YOL108C	YLR329W	YPL043W	YKL002W	YDR328C	YIR009W	YBR154C	YLR001C	YGR125W	YKR101W	YMR230W-A	YER115C	YHR124W	YER148W	YCR050C	YGL033W	YOR303W	YIL087C	YMR192W	YMR229C	YLL038C	YOR056C	YOR270C	YDR106W	YOL068C	YMR182C	YBR201W	YLL043W	YDR415C	YGL161C	YOL133W	YNL263C	YDR128W	YOR193W	YER028C	YMR052W	YMR203W	YKR076W	YDR225W	YDR270W	YPR033C	YGR230W	YPR062W	YDR528W	YER173W	YBR026C	YDL185W	YBR091C	YNL094W	YGL056C	YPL227C	YDL010W	YML019W	YDL045C	YLR163C	YLR178C	YBL079W	YNL056W	YFL001W	YKL025C	YKL125W	YKL170W	YPR157W	YPR137C-B	YLR384C	YDR307W	YML099C	YLR421C	YLR090W	YDL212W	YJR064W	YML022W	YER046W	YMR029C	YIR030C	YKR050W	YMR121C	YGL017W	YDL150W	YNL038W	YHR001W-A	YOL165C	YIL139C	YLR246W	YJR119C	YLR359W	YLR199C	YJL206C
Sample_1	465	1040	95	1800	1094	2122	1008	254	7344	1881	229	13317	2358	797	1289	1580	0	357	17202	74	1083	20079	1987	1658	2216	893	1638	20301	1024	753	3583	7249	1595	3782	553	3714	5818	2728	163	82870	1552	25299	4072	2700	2566	818	1964	1637	159	2185	0	3292	27	1035	265	2588	981	1789	6423	211	1078	2354	123	144	876	110	56767	16112	1556	1609	1969	367	695	1573	4272	399	30175	2874	1	1943	1327	2962	8459	3369	21835	1644	68058	629	30886	1097	675	2267	54882	3221	0	613	3453	83534	3708	1205	6	10116	1139	254	307	5841	2151	215	2182	1193	5191	6271	337	1445	7993	1019	572	3038	18083	541	126	1651	33770	2099	319	341	1929	4428	546	48881	12632	9993	368	1144	195	210186	3816	411	1276	19673	4310	218	3299	405	304	977	0	9127	2899	6311	2464	1475	34077	2098	570	7138	30	2499	53319	13831	385	1528	9553	3700	7307	239	332	0	213	57	943	1226	1110	2252	60	439	1798	4809	719	801	128	6101	5107	76664	4095	6	505	1301	2596	589	29685	39757	770	1175	418	4518	173	8	19572	532	2799	4330	8734	1580	2194	3034	604	487	7810	191	90	1638	4359	33	130	20703	4068	30239	118	1043	6707	702656	1881	2485	33369	4492	5497	9349	3098	8	956	828	62	7887	3778	15717	505	962	14839	42	2451	7228	325	24	1996	455	2395	43949	1218	2085	6591	1072	1712	2387	32622	2427	601	4593	3133	1855	932	4084	12537	214	4443	40	8349	2965	3885	6514	1577	2445	3869	4	452	324	4887	1053	8089	5867	908	5431	9411	2071	1733	5493	1178	1993	1654	783	434	3470	10478	1162	7007	4366	3665	9500	0	5981	30446	2564	57658	2142	12990	1173	2694	7046	708	956	498	1186	1353	8287	4151	9438	1901	305	15915	58486	4299	3285	2084	769	1210	11429	983	2733	20	1907	686	8430	3820	3310	5257	838	20003	1330	1541	8	2991	1201	4375	4177	481	6976	502	2546	14130	928	2180	4215	3682	49576	212	2675	385	1309	2796	15765	501	339	740	5072	699	20387	1731	9179	80	0	343	2030	8440	69	955	1463	2568	72166	6724	132	747	879	2162	630	11532	7702	16983	6921	2735	2945	2491	10	22	177593	22	0	4482	295	949	2086	1231	1475	51	2611	1596	2597	6102	131	594	2014	1878	394	88	18038	2351	4573	226	8710	2058	6692	469	170	1173	744	7144	60	0	9164	909	2458	33836	457	6864	70939	63	5219	953	708	7736	1995	3715	1655	5057	3637	774	155	158	18954	211	29891	3029	17819	222	7028	1603	732	491	53095	1683	2359	3704	4339	1730	4688	1329	2869	343	9065	2909	2196	1965	5130	1514	398	0	15081	3609	1973	5671	2002	18101	17325	25200	239	1670	10	2332	654	1551	4808	2027	926	0	825	469	693	20305	1345	457
Sample_2	291	1357	170	3107	2143	2926	2517	332	8385	1704	378	46076	3981	906	1766	1746	0	556	18968	180	1453	34176	2083	2459	3523	1450	1975	24952	1686	1138	3350	10257	1888	6030	964	3487	6480	5435	163	108120	2453	61164	6666	3806	3691	1186	2244	2509	270	2883	0	3995	38	2476	368	3730	1082	2788	7033	668	2342	7490	169	309	1547	120	222078	12318	2031	2494	3382	380	1102	2304	5155	975	56640	3842	0	5865	1298	3456	10658	6521	32987	2928	97785	1177	36744	1519	1503	3852	98823	3962	2	850	3949	156298	5127	1565	0	11970	1217	179	371	17692	3307	589	2408	2834	5924	8170	549	1909	8385	1150	797	6001	19304	912	55	2716	57482	3291	439	781	3670	6434	511	56705	13497	8041	701	1302	114	311391	2563	597	1854	39871	3889	1488	4782	372	423	1514	0	14278	3592	10755	4979	1856	41401	1054	862	6792	28	3659	58779	20490	267	3462	11172	4360	9268	678	718	0	226	54	883	1492	1666	3415	52	547	6005	8543	602	1489	152	5083	6625	54448	3820	24	999	2195	2788	866	34516	87570	1830	1618	438	3493	373	25	22999	1488	7473	3270	10326	1716	2764	3359	807	435	7934	749	117	1540	6194	159	0	26818	6524	47036	77	1944	10271	1191	3993	4262	43833	4741	10977	8600	6569	87	1239	1630	37	13127	5687	19314	689	1256	15811	62	3285	9792	17	27	2695	831	3491	56950	1929	2119	7635	1552	2034	5147	36310	613	835	5245	4286	1888	1373	7432	13200	144	6078	94	8007	3676	4884	8876	2720	3020	5753	38	927	322	5597	1857	6777	6404	1962	6887	14715	1754	3135	5681	1822	2907	1811	693	623	4415	14751	1342	8674	4563	3807	7731	0	6836	35552	4663	74378	4215	7773	1197	2630	6259	826	1267	484	1950	1772	8550	6348	8718	2185	299	11149	41698	6636	7558	4944	1116	1290	13631	1367	6122	4	7831	653	5871	5026	3522	7472	810	20977	1207	2473	3	4496	2228	4872	8911	810	8222	1088	2965	12918	2132	1970	4346	6490	63731	389	2223	504	2001	4832	26700	882	536	799	5442	1050	28995	2617	12504	144	0	613	9796	12910	207	2015	2544	313	60072	4584	1393	1064	1408	1974	1429	14235	8395	17771	5550	5226	4027	3739	4	25	199296	20	0	7096	382	1149	1881	1555	2435	36	2838	2649	4818	6905	130	989	2312	1502	506	120	14753	3600	6133	274	7674	2801	7714	675	209	1272	1047	7099	73	1	8332	2024	3077	40068	770	6019	84319	64	5933	1605	769	9135	2463	5561	1983	6664	5975	928	158	201	33449	391	30983	7247	20676	427	8658	1912	878	926	69368	2953	3031	2709	4100	2007	4460	1561	3667	1184	12156	4015	1970	2784	5270	2198	525	0	18687	4205	3349	6364	2481	21257	20425	40220	286	2079	3	4538	1682	2474	4838	1613	3706	0	626	894	1106	25358	2077	801
Sample_3	911	1428	230	3979	936	3950	2864	542	9506	2432	21	43842	5962	603	2606	1652	0	298	17511	176	965	31024	2329	2938	3431	1188	2655	22450	2245	1063	4988	10612	1722	5595	1236	3379	8558	4735	1314	84608	3953	33651	4527	4756	3320	956	1877	2069	242	3732	903	5918	83	2339	433	3925	1522	2132	7721	332	3408	6416	59	4	892	309	140274	11677	2910	2883	2280	312	898	3514	6881	2314	6647	4915	0	2220	2133	4674	10348	6038	35586	1867	161406	928	42925	1802	1848	3966	77552	5597	0	957	5011	157424	5056	1504	6	12292	2333	274	611	12516	4458	2139	3061	2345	4444	9723	487	2515	8761	1915	1199	5896	22514	1673	426	2923	61717	4381	650	998	4695	2787	365	84777	11333	8280	516	700	4	377437	3850	462	1688	19087	2861	431	8533	531	297	2542	0	13022	4556	24303	5886	1895	36164	1649	621	8361	84	3790	62422	20416	252	2472	12236	5156	9428	3066	719	0	384	256	1741	892	2248	4296	0	563	3509	7753	1717	1301	44	7249	5216	51505	3758	14	1327	2294	3158	779	39128	82867	1583	1603	745	3955	437	4	25524	1070	2284	3660	11736	2137	2468	3744	476	372	6881	1118	416	1823	6541	13	0	50924	6111	41843	603	2573	9877	151	4207	3290	53767	4280	5688	13986	6175	163	1113	1723	67	14877	5398	20070	550	1161	18399	71	4499	11607	130	33	3513	1646	4338	46180	1866	2326	5663	1701	2292	8005	33019	0	1262	5407	4839	3234	1484	7382	18575	168	7526	28	5718	3967	4229	11706	3306	4345	6968	18	775	643	8768	3222	9047	9124	1606	6331	13210	2668	3741	9019	1676	3480	1299	1119	656	4006	12494	1234	9605	5877	4656	6409	1	7587	84648	5080	93177	1714	19898	2174	1637	6837	1448	1610	870	1756	2096	10127	2906	10365	2994	599	14557	63494	6997	12268	16382	1439	1781	15415	818	1491	0	9875	824	4614	6089	5034	5976	1342	25889	1703	1698	15	5098	2936	5134	67185	761	7539	92	3253	13074	2092	1912	5126	4155	70020	510	3561	739	2501	5023	27651	710	764	1276	7473	773	39389	1790	12372	352	0	571	22571	18723	31	1546	2737	41	20353	14475	1529	1325	1912	4250	1081	18411	6769	13996	7471	4014	3076	3697	635	76	219154	19	2	9101	158	1178	3711	1777	2307	33	2773	3199	5513	8955	26	606	2144	1489	517	138	12855	3450	6272	320	8645	3743	7413	377	185	1003	696	8671	47	0	7250	1450	2147	35628	1032	5905	73640	71	6428	908	997	8383	3864	6979	2424	9879	3711	795	177	306	43081	688	44807	2922	25759	736	9450	2409	1111	1077	100708	1811	4251	4585	5926	2918	6477	2202	4446	1169	12896	2890	2688	4557	5424	2282	239	0	18249	6174	2781	5677	2730	17605	22942	44250	335	3253	6	2744	1396	2051	3857	2182	3453	32	890	1338	981	43505	2668	1311
Sample_4	926	1304	113	3012	860	3630	1555	416	8903	2583	20	32835	3502	670	2039	2563	0	323	19128	128	865	27932	2133	3117	2580	884	2259	20571	2059	1017	4869	10068	1571	4522	894	3895	7713	5094	85	77994	5123	46011	3511	5117	3280	673	1986	1761	246	3487	1219	5359	25	1781	275	3980	1462	1806	7273	439	2792	3701	34	0	825	252	94167	5351	2693	2319	2274	342	820	2121	6471	1131	6407	4708	0	2245	2258	4338	11483	3928	33157	1335	155589	645	39914	1581	1712	3454	105836	5025	2	949	4310	124188	5001	1454	12	15223	2353	297	521	9447	4131	4258	2612	1383	5620	9445	145	3506	8887	1784	1064	6341	26761	1463	342	2586	57107	3795	631	742	3959	2595	415	111984	11142	12517	592	734	9	304199	4900	414	1757	16530	3741	303	3680	334	354	2129	0	10083	4818	11285	3332	1551	37249	2422	589	9084	48	3260	63758	22577	277	2337	15840	5445	10585	1447	392	0	303	201	2024	805	2503	3719	0	444	2361	6793	1246	1991	66	6455	5641	45193	4076	20	782	1727	3046	748	42724	64692	1347	1564	629	5383	352	4	26567	871	2274	4895	12277	1997	2325	3204	645	418	8731	691	118	2396	6725	19	0	37268	5788	34032	592	1643	14984	155	4451	2832	62889	6188	6027	17437	4728	179	1781	1405	48	11616	5374	19398	330	921	20876	101	4175	11335	233	37	2911	1108	4187	48248	1630	2126	7391	1803	2585	6183	32159	0	1097	6374	4945	3262	1100	6305	17120	149	6343	25	6759	5381	4671	10650	3099	4575	6525	18	708	516	7413	2664	12315	13545	1065	6411	14762	2962	3574	7870	1471	2810	1256	866	716	5380	14150	1231	9702	5640	6521	7696	1	7993	48613	4136	65501	1520	17256	2096	2165	5841	1148	1431	789	1720	2368	10113	4261	10442	2651	477	15006	63502	7792	5509	11942	2301	2051	16366	671	1076	0	6584	929	5109	6363	3542	6593	1145	27318	1576	1331	23	5066	3313	5705	7654	665	8121	55	2898	17386	1697	2186	5205	3604	65590	620	6342	508	1717	3567	22163	502	738	1037	6932	757	34099	2193	12905	295	2	508	10630	17390	25	1197	2328	17	19217	13274	628	1049	1602	3364	965	16793	6625	15991	10230	2972	3905	3236	588	57	188896	13	20	7523	216	1245	3933	1780	2090	37	3046	2864	4322	9012	36	428	1677	1803	391	130	16729	2839	5725	321	9593	3002	7683	448	272	912	666	9144	38	0	9444	877	1916	45934	1120	6563	72136	50	5964	779	858	7738	3469	5679	2107	8324	4106	733	274	298	35079	368	38372	3193	24493	629	9344	2076	1216	676	80003	2046	4487	5108	5963	2138	6979	1963	4950	745	15913	2746	3162	4235	7444	1858	73	0	22645	5655	3217	5860	2896	15891	24538	39616	181	2540	7	2791	1094	3030	4811	2003	2460	4	888	1126	1124	40455	2255	1853
Sample_5	946	1112	138	2899	561	2980	1929	327	7456	1929	9	28559	4314	503	1675	1149	0	192	12074	92	532	20872	1800	2234	2717	823	2069	16139	1744	794	3495	8350	1354	4198	1038	2326	6549	3078	753	62565	2911	22322	2688	3323	2337	645	1427	1557	216	2884	583	4337	92	1720	280	2599	1026	1328	5477	295	2607	5326	6	3	703	237	103028	9296	1990	1994	1951	191	702	1845	4996	1540	5356	3591	0	1646	1478	3456	6963	3987	28033	1327	129719	658	27365	1550	1358	3247	58981	3964	6	773	3710	121149	3711	1239	8	10566	1664	203	508	8359	3182	2210	2456	1621	3405	8080	391	1984	6037	1377	847	4210	17464	1062	288	1978	46413	2931	529	716	3317	1978	309	68080	8073	6190	393	349	0	272992	2902	427	1111	14387	2226	207	6696	377	143	1773	0	9070	3120	17812	3769	1396	29754	1373	427	6145	58	2872	45282	16439	206	1757	8439	3809	6526	1914	559	0	272	186	1138	602	1457	3104	0	341	2440	6168	1599	967	26	4928	3905	39197	2760	4	885	1634	2416	432	27446	58264	955	1243	533	2899	286	2	17113	520	1678	3033	8759	1530	1759	2667	354	319	5269	689	446	1358	4471	6	0	37491	4085	29581	469	1949	8522	113	3204	2229	38900	3479	4289	10569	4544	127	864	1393	39	11677	4193	14838	452	758	11556	28	3309	8027	110	11	2560	1145	3190	34722	1246	1525	4542	1248	1727	5471	25385	0	956	4043	3624	2320	960	4630	13284	148	5326	23	4249	3033	3158	8124	2544	3409	5396	20	581	375	6650	2197	6909	6595	980	5342	10030	1961	2596	6785	1104	2800	947	849	422	3202	8556	740	7090	3907	3695	4841	1	5986	65218	3790	69093	1207	14213	1660	1430	4747	993	1152	671	1067	1358	7182	2419	6906	2015	422	9387	48530	4827	7926	11873	1121	1273	10451	498	1395	0	7252	616	3357	4241	3301	4024	808	18567	1184	1278	11	3671	1981	3438	46651	445	5505	55	2315	9974	1459	1550	4512	3081	54121	266	3124	503	1803	3408	21206	522	582	944	5012	564	27831	1573	7950	252	0	452	18508	13593	32	1095	1905	26	15356	10660	816	881	1391	2735	722	14963	5107	10383	5490	2852	2256	2886	460	47	165003	16	6	6953	81	1021	2550	1204	1657	50	2085	2279	3888	5555	16	397	1680	1204	412	122	9496	2596	4929	207	6384	2693	4979	296	188	745	573	6670	35	0	6266	973	1220	25544	738	4422	52944	48	4521	673	737	5904	2500	5037	1718	6912	2653	539	73	250	30978	448	35303	1824	19785	543	7964	1988	785	740	79743	1705	2970	3457	4479	1900	4658	1744	3230	851	9590	2404	2036	2948	3997	1759	164	0	14067	3758	1950	4692	1909	11895	17816	34310	216	2118	2	1963	1097	1699	2784	1587	2556	27	626	906	726	30694	2001	1113
Sample_6	81	35	5498	11407	17523	169	27	2801	5504	1082	7003	3041	6625	0	681	1693	0	229	9177	3837	9405	1000	4043	5759	1061	116	7810	221	838	801	3309	698	5105	20651	286	659	1315	18	7578	3286	64764	1835	832	1169	1190	1175	275	1950	7391	45014	280	4287	4840	16863	781	3558	1031	65511	5438	23483	1580	174	4	1183	5213	0	3296	2222	391	0	1964	2258	21440	1052	408	4386	80	1016	781	366	13270	3337	2549	6029	258	1297	1208	4182	334	626	2111	529	6049	1364391	299	859	4565	244	905	0	1433	469	166	40961	975	0	2136	4197	54	851	789	10389	619	6829	3662	63955	157	303	7734	40047	931	6051	6005	5692	147572	4529	12886	1809	1612	1758	2264	1811	123	6631	136961	4575	47	1028	4815	1332	8742	5627	26	10838	1860	1264	21484	1765	3970	1612	359	319	88744	178	13414	690	5101	1568	858	289	1077	106	216417	54	644	2311	2924	4338	1057	6468	2402	568	2601	982	4952	3706	1190	4996	2526	523	491	763	1569	3368	94	757	250	1325	58	4021	630	1010	1865	1665	62	6252	20187	3705	6911	5697	2280	928	5965	218	9523	4514	222	14707	1873	2168	279	2193	2637	65	121	2035	226	2226	6418	2125	219	534	1168	2615	6188	3486	4740	10253	3053	12897	0	3	3364	11	46	1689	2165	13949	3244	41630	1668	83	123	2016	17708	1524	5284	2904	45	11781	1894	7303	4379	4500	561	931	2601	9601	1	1374	7999	1593	60	5155	678	30509	4965	3050	15003	5145	961	6685	7563	7136	1702	59	2588	119	19417	1157	576	2237	28940	945	328	3498	21786	1081	1566	1746	446	220	8497	165	5167	0	54108	30108	907	4040	2765	1838	796	10353	3895	2431	2054	4153	225135	122935	13749	309	2398	4801	8104	817	6693	3938	64556	7575	1797	2746	5206	2183	35451	524	1629	5816	1114	314	2030	1035	2325	461	3616	205	2576	1216	2214	562	33666	11090	8775	23809	878	676	0	10476	14396	2231	15011	14869	481	1562	8648	7062	12898	1396	8477	37930	3147	190	693	3097	356	1629	561	1245	5580	751	1240	59	1535	1621	4025	2942	4146	5732	2597	5148	19	6474	1735	1349	6255	764	5644	4128	4	2	5033	5911	1850	4332	1355	8191	1402	2956	12531	546	0	1282	0	8345	13988	662	10553	1091	2023	2829	5781	790	4381	145	0	809	1942	959	26702	4	2841	169	6084	330	5674	1438	604	2553	10156	870	57	5224	827	736	75	2077	202	77	7354	2069	2141	896	521	21439	0	766	470	3052	406	5449	2782	624	1047	80	243	1135	1467	2041	0	56505	0	998	11211	910	236	76	6727	2380	2669	856	5842	1993	5418	6870	16971	64	136	1044	2287	2294	6979	2575	1031	1717	1004	188	4001	430	85195	2564	4086	125192	1254	4363	2430	2110	3351	9041	24259
Sample_7	74	29	5878	12078	19635	226	56	3037	4067	1903	9081	3225	7836	0	235	2950	0	733	12956	2976	5008	1956	6743	5637	2225	151	7849	368	1042	894	5331	719	5148	27197	299	1916	2075	10	11017	5387	41761	2192	5794	1550	1700	1535	282	3267	7451	60523	777	5613	5358	18424	926	3808	1344	73352	10174	46221	2832	230	10	1657	5743	0	4104	2807	695	0	2478	2853	29425	1017	552	5134	482	1230	1399	967	16564	6297	3595	7225	426	1262	1923	4127	457	1071	3985	1165	7901	1967009	287	1017	4575	337	709	0	2709	853	1200	49161	1086	0	2181	4822	24	1839	842	11243	780	6087	4319	91667	366	412	4454	310860	1489	4748	9515	7444	139829	3316	13878	3119	2974	2168	5100	1965	256	7043	164010	7452	19	1887	5467	1629	9281	6214	160	8669	2753	892	16571	1764	10785	2091	274	675	109168	338	13424	766	5423	1890	916	1643	1243	287	308422	3	531	2122	3448	4993	1533	2985	6674	819	4805	1418	5797	5197	1195	5507	3245	829	2790	571	1885	3449	266	563	290	981	189	10242	670	1174	2701	2223	26	8917	25508	4272	10259	5625	3520	1359	5364	342	10945	7012	454	22662	3021	2388	625	2709	2875	25	110	2235	372	2537	11360	3139	642	777	1678	2083	4940	4561	5045	14450	3649	18665	0	2	6563	60	24	1133	3732	14300	4497	43429	5873	137	94	2324	16241	2016	8064	3915	46	15989	2193	10004	6500	6322	684	1415	4754	15255	2	2108	8773	2592	67	2156	1159	34735	7470	4780	26582	6332	1095	7167	8619	7437	1818	221	3740	146	16861	1303	1079	3447	48505	1574	829	4849	42528	1963	1528	2714	600	285	17273	254	5780	2	65881	33032	1234	4371	2089	2535	944	17470	8139	5537	3863	2677	338283	145876	10745	495	2328	7075	10912	989	6743	5664	144569	9606	1648	3909	7150	2813	34775	705	1635	4408	2007	480	4070	1275	3113	585	3850	189	2721	1707	4263	628	70633	22332	12616	50725	2524	915	0	10202	22621	3256	25962	21744	908	2528	14122	10224	20057	1383	7307	30887	3842	0	1235	3614	355	1500	778	2018	4427	1016	1592	144	1963	1463	3650	2499	5101	9568	3319	6973	112	7517	2546	2346	5906	938	8933	5875	5	3	3800	6844	2469	5466	1106	7310	2950	4412	11069	1070	0	1624	40	11296	12644	971	13789	5717	1980	2141	9156	1085	9400	263	0	1600	2918	1484	32867	12	3177	481	6128	516	7196	1626	864	2855	10156	2410	256	4867	1125	853	109	5311	274	95	8001	2989	2614	1703	980	18728	286	975	948	4178	809	7753	2038	1288	1652	218	247	1638	1484	3822	0	48628	0	1189	11915	1343	163	247	7784	4421	3878	753	7580	2460	8827	9465	19414	262	268	1015	3680	2488	7255	4842	1238	1662	886	769	2588	862	102258	3183	5167	147770	2778	5597	3199	2338	3510	16461	20163
Sample_8	63	0	8577	11480	23815	178	24	3902	4373	4982	10262	4956	10188	0	1326	2648	0	831	13028	2686	13013	1215	2822	9038	1515	212	9436	542	1203	853	10064	529	6536	24632	544	10837	2616	275	14750	5670	47429	2624	33	2235	1528	2010	313	3030	10362	53341	358	6716	5718	22444	896	5620	1670	69225	16378	50387	3008	337	2	1382	5835	0	2333	2743	659	0	4234	3237	19221	977	3464	6171	1157	1827	1208	778	9946	4880	4170	9314	64	1265	2870	4681	418	1599	1973	1287	7193	1901161	475	1249	4359	636	585	0	2511	600	8102	43710	1311	0	2868	4380	2144	1888	1460	16495	806	10292	4167	97052	1088	329	12532	17163	1873	3961	10245	7017	148190	3628	13400	2544	1381	3232	9784	2549	306	14398	165113	8265	0	1749	4688	2180	7425	7909	4	9009	3694	2003	16348	3076	11061	1911	316	653	112535	212	22109	1191	6600	2217	904	8119	1281	301	255010	45	476	2681	4227	6720	1754	5123	5415	783	5635	1396	5077	4368	1503	6632	4764	454	2179	385	2012	3370	3	734	276	1603	140	4280	696	2289	1948	2308	132	10946	23173	4699	13402	5457	3270	1915	5481	238	10515	6405	407	20024	2381	2544	513	3575	3159	109	108	2609	373	2595	5675	3508	29	1230	2120	2525	2865	6264	5894	16173	5550	17509	2	50	8415	89	2	245	4823	13007	3305	43822	3860	0	24	2967	31845	2807	8652	3990	49	18067	4515	13097	7735	6825	1190	933	7796	12532	4	2303	7141	2453	28	289	2059	41933	7697	6293	19648	6686	994	6175	11671	11019	1487	437	4310	281	10336	1618	430	5185	45077	1541	466	4443	53459	1259	2349	2243	803	177	17942	315	6597	0	74954	25816	1297	4517	2248	2222	1125	14687	5494	1445	5363	11425	259909	147731	10184	557	2765	9266	12954	1112	5795	7495	99451	10826	2504	5464	10778	3993	58119	845	2502	4860	1827	359	4842	1965	3908	847	2413	437	2927	1059	6055	646	90573	14806	10882	35647	3603	1238	50	13466	16773	3644	28494	23143	889	2543	22192	9507	13173	2178	6733	26766	4550	0	1641	4483	399	1520	688	2493	5491	1228	2078	64	2211	62	5225	2631	5731	9471	4149	7507	24	8466	3038	4246	6065	1991	10761	5649	2	14	4819	6534	1588	6287	1744	8410	2129	3630	10493	1226	1	3541	29	7865	17185	776	14355	4360	2639	2424	14930	944	10328	234	0	1704	4446	1213	52218	0	2675	882	10668	570	7543	1793	841	3535	11716	2259	242	7560	980	940	34	2428	156	86	7136	2466	2521	2277	1415	12560	6400	1214	1376	4456	1405	7378	2238	765	2105	167	10	1843	1389	3029	0	68865	0	1962	11935	1925	600	338	11581	4211	5080	1458	8133	3397	16507	11812	32795	88	213	1934	1948	6421	8234	4368	1793	1784	1000	475	2409	876	105195	5064	5231	153958	10772	7151	3277	2004	1805	25813	17582
Sample_9	76	0	8271	11998	22108	193	14	3785	5629	4703	10912	3797	11109	0	53	2947	0	570	13565	2442	11799	1019	2916	9272	1542	201	10665	396	1074	876	9407	649	5911	27732	383	3205	2385	335	9633	6061	41778	4006	67	1951	1456	2312	286	2290	11220	46829	684	5543	5407	26614	818	4424	1348	61372	21272	52589	2473	385	0	1338	5517	0	2478	2955	626	0	4018	3057	19729	1945	2986	5803	617	1647	1022	581	12299	4896	4285	9075	42	1210	2752	5849	301	1036	1632	1017	5795	2283861	420	1053	5107	526	653	0	2616	765	719	39711	1524	0	2852	4559	2703	3002	1226	16711	1008	9701	3824	101384	442	271	12802	54986	1737	5726	10776	8921	149408	4148	15679	2430	1064	2728	9042	2474	273	11509	142370	7950	0	1153	4960	1579	10888	10049	26	10469	2241	1399	8291	2867	7740	2817	264	854	100237	231	22157	831	6493	2008	840	1368	1177	215	261519	26	593	2497	4728	6627	1828	6125	5517	810	5132	1405	4560	3802	1133	6613	4137	394	1563	136	2045	5277	9	516	323	1890	175	3289	734	2358	1704	2282	55	11064	31029	4012	13418	5802	2989	2222	9426	179	10416	5721	128	20375	2686	2900	444	3362	5947	20	93	2441	291	2272	5256	3724	23	1088	2222	3427	2596	5612	5593	14566	4166	19476	8	45	6065	12	2	215	3394	16088	3026	40469	2270	0	10	2676	26495	2723	7841	3818	26	18054	3555	11873	7409	5809	1093	1430	5117	17526	1	1983	9626	2685	24	221	1667	36068	7749	6531	13245	6352	897	7592	15283	9901	1800	303	4346	264	7092	1539	386	7011	43000	1084	409	4942	40488	1245	2484	2109	610	172	15689	181	5959	0	61141	28927	1123	4601	3015	2295	1102	12733	3972	1361	5854	7645	235816	135507	9337	478	4540	7772	11431	1291	6477	6716	98049	10963	2956	4109	10592	3147	54250	802	2556	7448	1457	332	4391	1901	3465	622	3416	428	2800	978	5512	602	84196	8019	12986	28688	4031	888	74	13579	15247	3871	25776	23582	656	4133	20721	8411	18141	2126	8838	28008	4124	0	1547	4187	364	1500	614	2256	8050	1208	2194	54	2008	255	5354	2911	4975	7736	4031	7130	16	7304	3078	2746	5601	1624	10400	5900	0	8	5375	7507	1923	6481	1423	9654	2408	4132	15409	730	0	3083	10	8020	23043	724	14372	1982	2503	2622	10103	1041	10186	206	0	1560	3810	1094	29853	0	2838	429	12248	477	7104	1679	778	3703	11492	1451	145	6874	1001	790	33	2042	191	165	8502	2486	2085	1813	890	14793	6517	973	1106	4116	925	8453	3201	912	2009	115	28	1459	1422	2532	0	68830	0	2671	11801	1745	670	197	10766	3834	3868	1483	9676	3593	12746	11226	26762	28	191	1733	2341	7234	10990	4590	1561	2088	679	522	2044	860	125160	4750	4360	140282	7979	6615	4780	1866	2866	19257	22883
Sample_10	52	0	5660	7514	16459	153	16	2655	3509	3469	8018	3472	6709	0	1542	1948	0	618	9437	1986	9735	847	2009	6680	1237	200	7711	400	902	595	6991	467	4389	17672	458	9305	1781	238	10749	4264	28345	1848	16	1580	1306	1631	222	2160	7841	43328	271	4915	4052	15038	587	4564	1236	52577	12390	37863	2393	316	0	897	4367	0	1902	2052	525	0	2854	2247	15162	750	3145	4817	781	1268	817	581	6808	3361	2999	6432	68	929	1910	3583	309	984	1467	843	5369	1406919	389	1023	3503	471	481	0	1859	387	5880	36395	1057	0	2071	3552	751	2772	1064	11200	586	6581	2868	72599	866	328	8811	6176	1151	2702	7037	4457	123105	2891	10100	1641	1113	2084	7202	1742	224	10655	126020	5330	0	1269	3750	1567	5503	5062	14	6845	2551	1226	12729	2496	7450	1482	228	450	94044	144	16128	996	4603	1699	949	5145	795	165	219217	37	345	2164	3612	4430	1162	3804	3166	619	4422	1140	4112	3336	993	4206	3262	396	1494	299	1466	2869	15	507	201	1216	81	3306	505	1716	1573	1737	77	6997	16784	3353	10158	4036	2468	1414	4292	181	6958	4941	145	15537	1689	1837	364	2553	2511	101	53	1960	214	1987	3843	2303	8	769	1421	1933	2066	4820	4427	11530	4183	12480	0	43	7188	89	2	227	3338	10323	2621	35703	3061	0	6	1984	22600	1820	5587	3362	38	13174	3375	9057	6378	4374	776	744	4888	8370	2	1670	5607	1217	22	248	1470	32916	5651	4130	14299	4737	862	4440	7793	7706	1401	306	2678	221	8540	1064	355	4192	31733	1043	365	3347	37640	924	1786	1614	601	193	12326	190	4715	0	51007	20448	839	3803	1996	1965	888	10591	3988	1035	3992	7978	208915	113713	7589	437	1897	6415	9457	928	4636	5491	68242	7483	1797	4230	7019	2798	45279	643	1699	4358	1294	269	3636	1342	2861	526	1789	311	2316	877	4567	446	61763	10429	7591	26192	2484	881	16	9592	11564	2368	21522	18257	586	1810	15665	7131	9387	1473	4873	18653	3660	0	1107	3219	219	1005	512	1643	4584	831	1506	51	1520	39	4000	2244	4483	6254	2915	5358	8	5951	2099	2660	4212	1423	7798	3654	2	0	3538	4274	1255	4739	1261	6175	1481	2833	8969	781	43	2142	15	5480	12400	628	10498	2871	2195	1845	10977	785	6713	110	0	1264	3373	983	39533	0	1923	596	7529	364	5535	1406	675	2276	8860	1785	186	5518	598	609	21	1578	122	53	4909	1719	1741	1585	1018	9558	7149	909	1032	3713	929	5179	2112	594	1403	108	13	1222	1105	1516	0	51271	0	1294	10248	1377	426	243	8462	2604	3315	959	5624	2566	12345	9126	25662	30	99	1395	1378	4583	6451	3389	1369	1316	574	353	1817	772	78407	3683	3507	127259	8263	4867	2341	1475	1535	18787	13867
Sample_11	3822	2962	2284	11312	4334	582	1617	12	1058	16015	274	331	3916	8350	2704	3814	499	1037	514	10642	50024	1055	703	518	115	15141	16025	3649	400	609	307	334	28	1887	222	16637	2868	102	4101	6778	0	737	760	8718	2603	17696	742	39834	1641	1244	3142	3995	2177	0	292	23625	1075	1321	461	1102	0	0	5	289	1727	1581	1531	377	2094	1136	1514	466	5204	15608	2803	141555	1646	827	444	1487	28	1552	3099	18874	28435	1004	1536	5527	2808	87278	14550	7791	11393	1511	1436	1598	861	506	3769	452	257	489	2068	1404	3608	5049	840	0	7689	7002	12724	29904	2048	2400	741	3025	108	1723	263	4637	2930	603	38466	1500	6474	2710	733	1531	1309	3521	6287	765	6271	2086	5070	787	649	94292	977	8182	852	1157	2849	1422	609	2	2371	594	12149	2	900	1646	96166	77062	223	2180	1189	399	595	1436	6048	138	715	7029	1020	4767	14739	593	1386	2063	29402	1010	7163	1014	1280	24505	1970	1195	1128	136	981	1663	3440	164	1943	209	824	178	744	1146	1203	72	1995	6453	6795	1486	38239	64788	1586	402	54605	2164	3274	698	4396	874	6144	1473	2726	456	1810	1028	5663	7710	949	78	1715	2574	1601	8587	668	892	641	0	753	842	7	30646	1576	1456	307	119836	985	3334	1715	9912	237	174	16092	1000	5788	3136	477	2304	0	1925	3945	5	3115	1017	2	858	1088	317	847	901	2278	5579	1767	29781	366	6823	1215	2896	17275	503	3137	1158	569	204	10187	9447	288	9298	3367	16908	6662	8027	743	34564	34141	1429	5	0	2321	9855	3633	84	10	9703	1294	3462	0	3276	743	2141	2239	73603	2440	19481	15091	472	446	2413	12544	4185	154519	1301	492	316	4148	873	6299	2718	3892	62085	166	1089	11554	60975	2451	956	1740	5370	483	994	2594	39	11	486	8021	7568	28	2437	9890	3214	97	1091	77852	3629	79006	6	276199	3698	6842	165	6074	1449	1110	943	3983	75935	573	1760	1019	1198	826	2702	961	3774	0	1491	5734	2851	5684	631	5721	22	23250	2545	0	4698	1381	518	5524	1484	11156	6961	1454	1066	12570	126	2781	2	28889	2651	3504	445	5842	8343	79684	5006	8142	16	0	0	1171	2045	4	4571	2444	6870	814	893	2281	752	12679	539	738	2051	3129	22	3502	620	50	418	4632	1679	0	5253	2488	267	1147	2260	638	9034	19	11570	1607	5642	1237	3360	5841	50	7684	532	911	63430	477	0	3452	68	896	2823	586	5879	5255	435	6434	382	7364	18	1225	826	736	85	2824	3932	8693	2368	3434	1536	2395	785	1214	630	1772	6891	1173	12518	117	1220	1965	1608	23086	24039	3573	11270	7202	1833	462	7816	46144	927	2731	4203	11797	11	503	227470	50	6026	4521	67	2307	1690	10335	553	2770
Sample_12	4090	3522	5993	12769	5482	2529	3360	0	1449	38180	321	472	4819	9804	5239	4661	982	1653	754	10082	60223	2419	426	811	147	20877	38474	4486	1293	1038	380	448	56	2229	333	14673	3277	250	4272	8449	0	609	837	11255	3273	14681	698	60207	2370	2139	2990	3355	3198	0	3013	28268	1402	1666	3299	1826	0	0	11	528	1950	1535	1977	500	2835	1460	1331	693	5385	19950	5562	173502	2954	947	717	1561	333	2169	4848	40912	35084	3152	2168	8167	2756	97425	12742	5751	22733	1537	2414	1759	2212	656	4614	486	219	825	2846	4067	5353	2967	1495	0	12179	7793	17717	49055	2841	5543	1110	3572	129	2948	376	5637	2739	945	44717	1805	9664	3059	1040	1219	2294	3648	6345	1224	9364	2583	11798	1222	770	124290	1129	8676	737	2345	3694	1406	801	3	2539	1067	9976	0	1135	2011	128609	130473	411	2645	1918	824	1226	2509	8121	153	1021	6836	1647	4611	15323	1106	1436	2823	33005	1116	9401	684	1211	29277	2571	1216	2573	221	1095	2336	4276	271	1827	260	1356	291	871	1010	1514	77	2180	7174	8176	2025	55149	150528	1740	679	64919	2733	3597	1333	8190	1168	8440	1560	2662	538	3544	1262	5354	11550	2253	52	2360	3891	1989	12240	2261	1866	524	1	1462	1362	7	25339	2344	2369	739	149833	1176	4249	2637	14834	294	203	14953	1221	6964	4787	863	6840	0	3450	4608	0	2484	2173	0	1253	1564	461	1511	1490	3379	7497	1798	65149	449	10726	623	3924	18827	771	4495	1246	586	156	5075	7357	587	19254	4999	25557	6518	5345	731	43656	36033	1554	1	19	2964	10699	4220	109	64	15627	1911	3677	768	2926	1383	2370	5597	106152	2542	16221	17673	401	469	4262	11353	3267	213318	2358	1013	2	6053	1282	10601	4812	4905	75595	364	1497	12157	85426	2546	1424	2942	5810	864	1078	4034	33	27	866	7377	10799	65	3606	10226	4745	60	1939	96658	4278	85920	6	374494	3627	7389	289	11603	1953	2028	1129	4547	99720	751	2273	1679	2542	1097	3837	1468	3821	0	1150	12406	15973	6012	1425	6467	0	32305	3399	10	4800	1709	858	11064	1402	9104	9408	2732	930	14416	671	4513	64	27846	2330	2910	518	7118	8470	100445	5760	11461	38	0	0	1424	2280	88	8138	2882	9403	1223	1617	2896	1792	14240	682	803	3151	3162	13	3399	738	89	497	2552	2242	0	5575	1881	779	1542	3278	1170	7552	69	12697	3040	12198	1446	4053	9691	125	6785	710	1478	80847	632	664	4057	34	1327	3512	524	6251	7500	1108	7067	716	10019	63	1806	1077	1094	218	2976	2549	13676	5090	2940	2230	3092	1285	1496	836	2404	7707	1443	9917	185	1432	2616	1970	30757	34509	5022	21389	8468	2375	532	10653	51946	1599	2709	8445	14207	0	778	307389	105	5852	4830	340	2621	3212	10964	844	3554
Sample_13	5878	2935	3438	11727	6762	1711	2829	36	1701	27790	705	163	7093	17126	7170	5813	1279	1475	845	9851	56397	5227	1230	1215	709	16962	51596	4251	8966	1022	216	906	1	2031	407	4727	3108	368	3602	9258	0	1069	831	13160	4426	14973	945	45460	3570	2089	4253	5018	2936	0	94408	35892	1571	2312	21256	1784	2	0	5	318	3968	2220	2012	617	2743	1576	1575	789	7213	15742	3789	186149	3749	1725	730	1215	7788	1901	5833	23149	14376	3396	1301	7462	3772	100460	8571	8502	27756	1562	4613	2731	1647	976	6815	402	0	712	6687	3957	5693	3210	2264	0	20343	11261	13480	42483	2621	9811	1350	4795	148	2527	579	8063	5105	1517	43866	2282	10306	3169	905	1272	2925	4151	4820	1102	8935	5042	12062	1875	668	124789	1472	10178	1870	2376	4128	1447	796	7	5226	1114	7799	5	829	3010	132894	120670	79	3287	2970	1772	587	2901	11363	0	1636	8742	989	5997	20010	1209	2829	2681	31058	1271	11218	465	1413	25103	4364	1286	1173	290	1421	3142	5968	330	1481	545	1366	256	1326	1212	1871	50	2337	7822	8713	1912	39423	119922	2418	653	79944	3266	2824	1844	10971	1643	11934	1653	2595	3215	3475	1663	7139	11298	1620	0	2682	5104	2250	11111	2099	2503	821	4	2190	1122	22	60340	2364	1972	497	108098	387	5082	1639	17269	396	542	16702	1992	7985	6049	1106	7679	0	23174	4796	0	2155	1529	0	992	1553	489	2103	3248	7071	8599	2810	52313	465	9337	1607	3952	23481	1143	7164	1632	667	148	13266	8918	956	19132	5584	31136	5831	5672	951	46116	45802	1670	0	195	3339	15613	6245	119	206	9433	2207	3621	59656	3364	1505	3091	3671	104042	3535	21024	23141	1130	641	4217	11869	4058	228901	2052	233	0	4889	1283	10203	5778	3913	75256	380	1321	20190	72	3262	1236	2906	5809	722	1624	0	26	48	76	7351	11123	78	7394	15144	5389	2	95	90508	4644	128131	12	374847	7196	7886	278	9655	2479	2005	1972	4602	82990	1409	3004	1776	2337	1431	4623	1135	5609	0	661	11015	27973	5501	2180	5179	0	39540	3967	81	4707	2239	1162	11473	2206	10495	10315	2875	1768	18615	5516	3220	14	35534	2925	5659	1346	11969	13255	89240	7135	8720	5	0	0	1861	3168	7	7778	3909	5440	1786	921	3574	3749	16835	1057	1074	2500	4039	41	2856	1131	130	482	1220	2120	0	6455	2150	2747	1417	3650	1125	9272	1450	10306	3473	2296	1658	5222	10412	431	5420	924	1453	94820	814	0	5650	8	1530	5735	615	6126	10082	888	8551	137	9794	92	2029	1093	1679	318	4646	2065	11840	4399	5135	2578	2903	1780	2254	806	1874	7342	1490	10484	77	2062	2556	1742	36875	65205	2725	21874	10819	2300	814	14599	63072	1836	2996	6071	10404	0	569	357942	253	6674	3356	279	3003	3325	9372	748	3667
Sample_14	5619	2657	3916	9858	7133	1120	2608	38	1776	22456	581	185	6884	14454	5505	5635	975	1030	842	13376	51045	3550	1142	864	761	16797	38233	4446	2011	1000	250	731	1	1818	450	5050	3401	160	2687	8326	0	1163	1015	11981	3510	9002	1027	58575	3231	1919	3668	4838	2886	0	143318	32529	1490	1831	3735	1515	0	0	4	274	3844	1815	1935	663	2969	1919	1583	559	7968	16703	4135	270056	3513	1323	749	1381	2205	1653	4509	21582	26567	2711	1195	8472	3480	85521	12027	16491	16950	1617	3318	2688	578	922	6862	451	0	637	5841	3294	5878	4116	1899	0	15106	11292	14068	42569	2529	6784	1177	4230	178	2049	568	7868	4845	1199	43890	2472	9563	3185	757	1094	1634	5539	6667	858	7818	4691	5656	1830	789	122324	1444	10999	1388	1773	2919	1194	591	2	5158	1005	13125	0	835	2582	111793	119408	95	3578	3256	239	591	2364	10830	0	1382	9661	1167	10199	22679	783	2118	2350	44363	1392	10365	698	1421	26100	3705	1202	997	388	1152	2184	5825	338	1476	568	1200	262	1682	1211	2636	62	3507	8766	7927	1968	50738	106513	2379	677	64013	3259	2902	1414	8742	1175	11097	1500	2160	2437	2962	1644	9003	10864	1107	0	2643	4584	2417	11349	1522	1693	769	0	1701	895	9	55140	2859	1769	392	105656	410	4407	1753	13765	313	435	31641	2145	8861	9109	789	6533	0	13709	4417	0	2858	1926	0	903	970	430	1716	1711	4929	8553	2804	43393	507	10651	1484	4268	25739	864	6754	1718	642	190	12562	7854	759	15806	7829	31772	8183	8925	846	45982	38894	1909	1	186	2788	16078	8946	120	63	12632	1973	4365	12274	4198	1167	2867	3460	83026	3433	22357	24318	800	623	3583	14069	3006	229979	1337	341	0	5898	1386	9328	5105	4377	73943	254	1381	12592	40	2641	1171	2907	4518	589	1618	0	39	49	90	5790	10007	77	5653	16035	5951	2	41	82071	4133	102109	14	297511	7062	10192	295	6456	2377	1715	1945	4746	107652	1204	2617	1520	1802	1401	4398	1049	5054	0	411	8955	36021	5956	1662	5408	0	37403	3621	98	5708	2039	793	9256	1891	13877	10100	2296	1578	17202	1870	3322	4	50230	3557	4793	909	8937	11722	89273	8638	11701	4	0	0	1661	3095	3	8058	4188	4375	1811	734	3348	2012	15179	1169	955	2706	4703	61	4072	925	110	494	1256	2339	0	9291	2879	1417	1629	3307	960	11440	293	12225	2723	660	1575	5214	9761	210	6463	793	1285	89926	698	4	5495	6	1248	4504	465	5155	7452	771	11646	75	9730	54	1606	1281	1437	234	5277	3719	12535	3901	4766	2368	3132	1655	2150	687	1865	9104	1516	14417	82	2143	2246	1673	31814	65466	3331	28320	8359	2408	862	11766	62498	1756	2545	4431	11570	0	405	338996	114	7350	2917	82	2684	2225	13687	812	2848
Sample_15	4343	2169	2576	8195	5030	1110	1760	22	1259	20137	443	138	5091	12311	4630	3968	803	953	581	7276	46033	3630	900	820	584	11783	37340	3129	5615	679	179	672	2	1536	301	3675	2298	269	2822	7153	0	901	606	9423	3084	11412	760	34144	2921	1531	3207	3065	2030	0	68989	26172	1076	1542	12742	1293	0	0	0	180	3188	1567	1393	459	2112	1110	1015	589	4801	11821	2680	161577	2508	1225	635	1266	6260	1486	4221	17810	9602	2416	1103	5019	2616	75492	6410	6427	19718	1136	3401	2114	562	648	5298	233	0	505	4833	2878	4192	2487	1643	0	14260	8368	9284	29752	2082	7198	964	3389	144	1810	448	6267	3311	1104	31523	1757	7196	2713	609	1021	1871	3225	4010	962	6679	3747	9294	1372	509	87877	1240	7667	1252	1887	3370	1131	448	7	3647	733	5972	6	575	2098	108641	89461	49	2332	2084	833	359	2106	7146	0	1200	6179	658	4103	15150	807	1958	2066	24387	813	8512	302	1055	18415	3370	1083	968	194	961	2242	4579	198	1139	389	979	173	1235	1052	1313	47	2017	5888	6599	1426	29999	92692	1717	488	54315	2154	2436	1490	7367	1127	9092	1143	1900	3029	2755	1174	5672	8415	1138	0	2190	3828	1704	7386	1441	1649	562	4	1622	995	2	39909	1737	1433	330	97964	298	3724	1061	12303	258	350	13045	1063	5514	4419	768	4679	0	17716	3608	0	1706	1230	0	796	1136	383	1576	2036	4698	5609	2172	38467	385	7112	1106	3024	18156	650	4429	1335	501	147	9762	6883	698	13636	4077	22609	4165	4795	767	34450	35113	1243	1	143	2580	11502	4439	107	55	7686	1477	2517	43489	2273	1284	1986	2623	78956	2764	16766	16226	707	429	2881	9052	2913	158348	1386	198	0	3283	993	7826	4148	2883	52978	253	1021	13793	32	2253	856	2106	4589	489	1202	0	27	36	70	6304	9017	60	5504	10501	3776	2	61	75555	3818	105932	10	262594	4961	5946	229	6107	1851	1504	1376	3062	55048	1065	2062	1265	1718	892	3206	799	4342	0	454	8161	21245	4056	1570	4162	0	27007	2698	68	3573	1676	794	8993	1565	8239	7501	1746	1381	13747	4041	2169	6	26367	2147	4092	829	8287	9777	72628	4732	5628	0	0	0	1267	2021	9	5396	2589	4255	1264	580	2589	2830	11300	824	761	1709	2668	10	2041	797	70	325	903	1674	0	4706	1643	2077	1056	2760	968	7249	905	7216	2672	1568	1198	3853	7647	323	4150	504	1122	68042	532	0	3982	2	1147	4310	448	4292	7155	692	6385	63	6824	65	1434	882	1246	244	3425	1690	8704	3178	3521	1768	2660	1359	1606	620	1464	4877	955	7858	23	1519	1912	1201	26202	48252	1827	16578	8606	1593	609	9751	46601	1188	2088	4346	7277	0	563	275787	182	4746	2823	195	2081	2765	7056	532	2526
Sample_16	6115	262	71672	855	3053	3878	346	9583	20041	62	382	1872	1413	2544	968	1019	621	1174	803	709	236	1640	0	8211	2438	1149	1351	1395	3422	2842	1303	1574	1597	363	4137	0	3035	10443	889	160	2529	1930	1568	1409	86235	192	714	929	559	29079	16667	810	1793	36	1421	343529	1469	51464	2078	283	9126	7	5199	5400	24157	1948	10736	3713	2034	2611	2638	1625	15280	250	4439	13750	397	59	1059	481	213	1744	2670	217	1778	862	290	187	3001	812	4848	6168	724	16273	6091	316	19018	2	6141	743	2571	1345	25535	0	3969	25396	638	11443	758	11192	1780	7834	701	2854	3472	23109	2388	186	4228	786	2463	3636	3445	395	1012	5561	7604	1540	1020	235	42	1433	5163	9260	426	0	768	1026	858	928	6	756	420	6	432971	964	1281	51	4207	1725	1514	1362	1956	1339	1006	5611	4660	103280	307	4366	2919	4294	1739	676	100749	1216	310	1669	97	463	3869	5551	1179	1916	54	2314	988	961	1019	799	5727	1504	11085	5384	1980	15214	942	627	54635	1596	5352	4818	1406	409	1508	2604	5950	133063	262	1871	2489	87	188	204	4	7475	1674	0	2084	1582	14229	671	11	4583	395	5859	10	2	32759	1233	947	67924	1115	487	1826	748	678	8380	19763	3271	0	470	1111	1487	2	0	340	786	161903	2725	2682	9067	669	1207	1185	742	3032	0	988	438	1845	4397	2205	3339	25040	3868	26	760	9419	2603	384	1325	3045	36	4787	4881	718	469	576	402	11108	1819	6618	2038	61	45632	388	1414	1544	8649	9435	5	585	1745	1938	1630	1610	56	10317	19970	10179	9048	8902	2121	9	935	40905	9669	328377	2587	5032	3263	1377	2158	45	23	22809	64358	2706	5596	496	10952	969	4611	2299	423497	1366	4159	59251	4266	17693	305	337	1464	26198	5513	10172	20299	6360	939	9515	534	258	1480	5579	1805	3208	1194	8834	1708	1842	7095	119073	5942	798	12982	2245	823	1814	1418	1056	22	5425	500	124	3545	0	2928	1783	21207	7007	15093	906	10753	3022	1138	0	2280	1625	1406	1666	687	7117	725	3016	319	736	101679	1199	25542	120501	627	105247	12	2601	1239	2849	4531	11473	2142	225	2674	2224	2386	5	53758	878	1513	1493	3036	35	1734	1262	100938	25693	8699	3026	9865	1176	595	30834	12996	410	21	695	1027	981	211802	429	8856	1068	718	24602	583	2565	40	15534	693	425	52540	64538	4208	51903	1546	709	129152	169	104	23454	2302	4897	4717	2593	115	4951	7268	928	695	2108	31025	67	412	121	1762	3941	2910	584	3076	33062	33	183	5791	764	1418	13	913	2964	2976	1693	839	21241	2361	3518	2767	842	42	1	2818	4248	2405	102	1223	1575	3422	13893	5176	1028	422	819525	5144	425	24233	2022	563	18	51	10698	5268	867
Sample_17	6994	354	72646	1164	2742	3225	1339	17587	24160	89	1675	2926	1692	5543	1714	2086	1519	1843	985	494	1083	1571	0	14324	2588	1641	1419	1691	4422	3976	1348	3271	2096	540	4768	14	7849	21297	883	529	2665	3679	4214	2158	99545	478	875	4203	761	44738	18822	2260	2742	156	2375	389312	1411	57225	2362	527	18156	14	4710	6141	24877	3008	12373	8266	1228	4152	2780	2028	20117	200	17343	26967	685	34	1171	580	327	1510	2251	491	3065	1574	156	191	3976	1493	5276	11324	740	17797	10688	488	14785	5	8614	958	3401	1565	30027	0	4423	31846	867	14864	792	10287	3512	13995	862	3721	5248	22444	3542	172	5094	850	2790	6769	3586	1045	1337	6215	9036	1686	1424	208	66	1596	8383	3387	599	0	1340	1082	1624	1125	608	2484	627	8	550659	853	2154	112	4197	1657	1607	1956	2723	1899	2170	4398	9144	62780	889	5404	5354	7568	3053	677	107539	2277	284	2468	124	608	3847	9220	1764	2039	34	3061	1354	1334	881	713	7194	1215	14051	4040	2502	20993	1232	797	69953	1694	6844	7193	2072	289	2556	2684	6104	173829	898	2393	4631	85	277	421	207	9744	1927	0	2395	1579	15069	949	13	6355	504	5771	47	5	32100	1843	1129	85256	2100	909	2865	1316	475	9571	24045	3864	84	258	1412	1850	0	1	790	853	207534	4134	3032	16121	637	1964	1448	800	4969	0	1389	407	2158	4601	2150	3708	28181	5887	32	646	11676	2953	594	1979	3082	82	5133	6517	960	879	669	234	14348	2202	11347	2694	86	75697	540	2047	2130	10260	13605	7	2102	1612	1720	2732	1491	31	17387	21054	11049	12432	21490	2394	15	1312	57646	13538	652726	3496	6998	4807	1588	2238	168	11	31641	103110	4009	5776	1238	9782	1539	5980	3405	603013	1256	2642	72088	7612	14813	88	524	1256	43894	4756	11366	8423	12106	1096	7786	706	416	2050	10110	1862	3760	1391	7768	3633	2881	10752	235090	7258	962	23502	2329	1023	1716	2772	1412	48	6460	881	337	4190	0	9472	1929	26292	7499	16224	1019	13781	2834	2429	0	2498	1727	1711	1517	1318	9866	722	2614	752	1141	123881	1224	28583	70937	1074	112901	17	4457	1563	3639	5624	11387	3031	385	3637	8998	2653	4	81185	985	2993	1569	4327	87	1695	1290	121729	34784	8139	3507	11257	1616	613	54860	15489	747	13	1500	1227	1179	376941	863	14414	1490	1334	25976	975	3669	23	26052	1351	782	82583	40511	8670	54673	2554	975	146584	339	213	36553	4148	4750	6883	2895	360	4555	11397	1371	1262	2176	41708	174	529	73	2162	2214	3546	744	3228	45518	75	31	7759	1206	1939	20	1168	4061	4992	2365	1321	26289	3060	6284	4489	2025	45	8	2882	5513	2082	204	1898	3695	4551	11995	6623	955	675	1081858	7738	310	22286	3839	2106	16	170	16858	6657	1224
Sample_18	9113	34	55014	1480	3224	5039	1551	17727	22983	56	807	3569	2105	6492	1408	2520	3806	2667	1353	569	774	2311	3	1297	2349	2009	2421	2342	6415	4192	1405	2238	2964	546	6709	0	5471	28711	1315	236	4669	3816	3982	2421	117229	410	1251	5460	477	53046	22150	3835	1925	84	1909	450058	1345	71123	2526	644	11637	24	8009	6534	25102	3863	21357	6421	611	4092	3270	3561	24193	447	15472	17836	911	15	1205	1053	196	1922	12598	602	3714	2754	102	505	3016	1136	4771	11092	800	11625	11207	562	11303	12	11381	688	3588	1586	29354	0	8739	38608	755	15819	1136	12012	5141	5629	1392	5163	4645	22823	4545	62	5638	1348	3538	7593	6558	507	1859	7256	12148	1852	1330	289	49	2267	14734	12636	426	0	1019	1046	1006	1254	104	27552	598	4	534026	1272	2091	95	4277	1375	2004	4332	2248	2960	1579	3185	7947	66830	45	4469	0	9496	3264	710	98660	1974	404	2764	291	657	5343	10891	1505	3068	27	3512	1507	2466	1644	889	8606	1895	19725	5366	2930	15849	1230	678	49512	2584	7040	6594	2053	332	2361	4406	5691	167718	478	4314	2049	11	0	236	488	12575	2585	0	2753	2002	16568	1285	5	6708	489	7791	8	0	40472	2200	1310	100924	1707	626	2195	1821	154	14700	31836	3668	0	349	386	1976	4	13	478	0	200848	3179	2904	13927	1034	2601	2137	1029	5587	0	1654	820	3757	7506	3795	3646	35551	4632	1	973	29234	2586	907	3443	2178	178	2375	4061	1141	852	993	280	5539	2751	14186	3709	12	97944	547	2824	2585	15182	8578	24	598	2327	2834	2956	1136	171	13457	10514	14020	12175	11564	3206	12	2106	84551	13313	981790	5236	7350	4752	2601	2836	648	0	101038	117524	7027	6620	995	13286	2042	5890	4479	531010	1691	5356	125565	8313	6254	66	407	1800	55300	11511	12853	16507	9702	1463	17442	853	553	2343	7651	2415	2979	938	6036	13470	2458	12928	161836	8415	1142	18490	4515	1099	1753	1912	1615	16	6434	745	610	3598	0	37761	2286	22368	11280	15011	970	15769	3571	4176	0	2245	1638	1810	1547	1909	11445	472	1720	249	1416	122334	1189	48567	53048	697	123017	12	4572	2084	3854	4852	14400	4087	417	3681	3769	3535	30	56299	1408	2328	1006	2968	120	2608	1616	122998	43111	9356	5170	9544	2983	879	41063	21154	1402	5	1086	1208	1434	377750	628	13619	1562	1696	31553	1525	3250	0	19099	1272	522	73026	75505	10616	67197	3077	1185	133347	512	341	46253	4651	4690	6791	4207	424	4957	20964	2134	838	2211	38688	117	1091	156	2574	5529	3125	747	2927	45906	74	125	4701	2018	1911	42	1178	4035	6048	2555	2107	29734	3084	5848	4630	1501	77	182	3643	4387	2727	142	1762	2688	5559	13722	6944	570	612	1320717	7568	474	24152	3747	207	0	198	20847	5754	1820
Sample_19	8777	38	49334	1755	4876	4441	1025	17561	21878	61	607	3238	1770	5658	1234	1874	1220	2058	1187	402	239	2790	2	681	3282	2109	2046	2272	5831	3776	1378	2303	2659	520	6278	0	4163	23732	1066	268	5126	3880	2177	2704	106240	405	1162	3254	478	39593	20628	2523	1766	164	1444	374200	1322	69856	1867	648	10463	15	10423	7092	17908	3835	19153	7011	518	7235	3586	2867	24449	284	12992	14460	637	8	1834	957	220	1765	6796	413	2624	1973	80	416	2837	1008	3907	11083	807	9319	9124	467	16394	9	9560	615	3768	1584	36432	0	6559	38563	619	14735	964	15698	4235	5625	1366	4605	4015	22312	3684	142	5647	1138	3782	5888	6798	390	1679	6595	8523	1817	1047	293	16	1887	12649	24714	382	0	1300	1058	805	1186	226	5826	566	0	518622	1667	1635	95	2930	1393	2125	3111	2085	2786	1451	3537	7622	62589	35	4390	0	8562	3322	690	86855	1723	303	2743	179	894	5738	7235	1505	2629	52	3116	1242	1755	1373	872	8244	1915	17259	6731	2729	15112	989	662	42696	2446	5590	5978	3195	348	2099	4325	5675	158658	392	3209	1917	19	0	291	98	12923	2428	0	2378	1754	18546	952	17	6432	520	7043	9	1	30526	2314	1372	75705	1694	508	2768	1015	138	12810	34787	3088	0	329	344	2184	1	5	485	0	171847	2958	3019	12216	945	1611	1789	1083	5495	0	970	452	3263	7188	3804	3435	33308	5059	2	851	27150	2308	1101	3081	2251	202	3815	5354	919	443	707	335	5787	2902	13346	3398	5	67444	1061	2417	2443	12692	7435	14	297	2595	2683	2858	1259	141	11317	13617	11612	11735	16605	2919	7	1449	79483	15010	641789	4279	5977	4706	2069	2858	415	0	92602	116724	5325	6333	892	10786	1551	5096	3456	643578	1650	4759	107221	10972	9435	14	280	1617	60009	11161	17789	13782	10238	1425	10340	698	370	2431	7923	2775	3707	1126	7159	12053	2553	10836	148643	8438	924	15278	4044	1864	2056	1737	1383	19	7398	586	675	3821	0	14326	2227	18149	10525	13231	1025	14837	3853	2400	0	2481	1738	1985	1523	1380	12238	491	1913	199	1412	102661	1498	48814	75889	584	163053	13	4378	1510	3625	3407	19689	3882	323	4303	3479	4077	6	55157	1466	1963	951	3134	97	2460	1803	107450	42529	12555	5041	10800	2958	794	33395	19586	1057	1	1068	815	1169	294248	484	10283	1491	1257	24197	946	3490	0	17900	1256	397	69977	74809	9079	74439	2979	2119	129472	324	285	62452	4556	4188	6531	3880	259	6031	18715	1787	905	3224	31938	130	867	194	2530	7173	3320	730	3009	42443	195	230	4035	1831	2052	58	1169	4508	5001	2598	1569	28640	3121	5325	3579	958	120	179	3632	4525	2924	118	1634	2034	5291	15852	7621	623	477	1049369	6468	419	19206	3198	297	3	203	21931	6475	1614
Sample_20	7166	0	43021	1128	2329	2928	1127	13228	17416	61	628	2547	1565	4639	956	1585	2481	1742	917	444	416	1866	2	942	1862	1432	1789	1686	5136	2806	1070	1644	2270	416	4638	0	4315	21019	1049	176	3726	2823	2351	1688	94180	297	768	3602	357	41946	14755	2664	1393	34	1104	362829	1021	57447	2082	413	8327	21	5924	5005	18285	2815	15227	4687	513	3094	2466	2278	18027	284	13844	13076	582	3	892	800	147	1396	9337	415	2606	1899	43	406	2025	880	3431	8132	652	8490	7381	379	9318	7	7853	395	2644	1137	22589	0	7286	26765	519	12147	794	10239	3958	3881	1040	3864	3436	15719	4093	60	3735	783	2646	5288	4357	328	1390	5979	8126	1338	1051	259	26	1549	10901	11126	280	0	760	838	878	1065	54	19565	393	0	417980	1069	1297	70	3150	1003	1540	3255	1737	2120	1133	2390	5052	51790	37	3229	0	7236	2405	560	81976	1473	228	2184	156	522	3382	9119	1147	2009	38	2507	897	1803	1296	637	5675	1380	14893	4187	2103	10482	866	338	35626	1688	5221	4211	1573	122	1839	3201	4497	134141	338	3451	1564	10	0	135	306	8339	1984	0	2151	1331	11383	950	18	4560	307	5271	6	1	31610	1614	899	74141	1221	426	1356	1243	70	10938	21804	2882	0	275	243	1745	1	3	337	0	148464	2507	2211	10228	795	1606	1460	754	3774	0	1066	573	2625	4894	2412	3054	27933	2964	2	592	20900	2008	626	2508	1681	88	1724	2767	979	635	662	166	5037	1964	10229	2390	9	72669	424	1745	1925	11382	6133	9	452	1997	1970	2309	878	65	9605	9461	10709	8373	8566	2473	3	1573	62630	9788	710595	3203	5528	3643	1935	2015	397	0	72603	84019	4729	5239	793	10506	1471	4628	3106	358523	1120	3450	98201	6249	4759	14	288	1122	45657	7794	9568	10978	8100	1115	15087	538	407	1628	5203	1938	2250	744	4729	9356	1814	9446	115759	5587	882	15635	3483	797	1481	1601	1249	15	4865	517	466	2492	0	24804	1707	16156	7965	11941	758	10160	2983	2799	0	1673	1169	1334	1070	1308	7970	302	1264	190	1319	92244	904	36782	39500	418	94095	5	3108	1599	2379	3278	10605	3038	324	2842	2411	2246	8	45823	1044	2130	729	2184	100	1698	1326	92127	28159	7119	3567	7544	2061	636	32040	16975	891	2	974	792	1035	267554	505	10229	1164	1208	21602	1081	2349	0	13634	794	367	56334	58771	8460	52103	2358	779	110544	375	237	32997	3263	3110	4573	2868	299	3879	14566	1355	638	1692	27997	100	801	140	1938	3997	2243	679	1558	31649	44	137	3255	1227	1334	33	843	2859	4946	1944	1114	25041	2252	3788	3476	934	63	121	2793	3241	1908	124	1357	1944	4518	10743	5539	384	465	1087748	5365	388	18272	2354	153	2	118	15898	4259	1337
Sample_21	507	1082	137	1842	1136	2164	1050	296	7386	1923	271	13359	2400	839	1331	1622	42	399	17244	116	1125	20121	2029	1700	2258	935	1680	20343	1066	795	3625	7291	1637	3824	595	3756	5860	2770	205	82912	1594	25341	4114	2742	2608	860	2006	1679	201	2227	42	3334	69	1077	307	2630	1023	1831	6465	253	1120	2396	165	186	918	152	56809	16154	1598	1651	2011	409	737	1615	4314	441	30217	2916	43	1985	1369	3004	8501	3411	21877	1686	68100	671	30928	1139	717	2309	54924	3263	42	655	3495	83576	3750	1247	48	10158	1181	296	349	5883	2193	257	2224	1235	5233	6313	379	1487	8035	1061	614	3080	18125	583	168	1693	33812	2141	361	383	1971	4470	588	48923	12674	10035	410	1186	237	210228	3858	453	1318	19715	4352	260	3341	447	346	1019	42	9169	2941	6353	2506	1517	34119	2140	612	7180	72	2541	53361	13873	427	1570	9595	3742	7349	281	374	42	255	99	985	1268	1152	2294	102	481	1840	4851	761	843	170	6143	5149	76706	4137	48	547	1343	2638	631	29727	39799	812	1217	460	4560	215	50	19614	574	2841	4372	8776	1622	2236	3076	646	529	7852	233	132	1680	4401	75	172	20745	4110	30281	160	1085	6749	702698	1923	2527	33411	4534	5539	9391	3140	50	998	870	104	7929	3820	15759	547	1004	14881	84	2493	7270	367	66	2038	497	2437	43991	1260	2127	6633	1114	1754	2429	32664	2469	643	4635	3175	1897	974	4126	12579	256	4485	82	8391	3007	3927	6556	1619	2487	3911	46	494	366	4929	1095	8131	5909	950	5473	9453	2113	1775	5535	1220	2035	1696	825	476	3512	10520	1204	7049	4408	3707	9542	42	6023	30488	2606	57700	2184	13032	1215	2736	7088	750	998	540	1228	1395	8329	4193	9480	1943	347	15957	58528	4341	3327	2126	811	1252	11471	1025	2775	62	1949	728	8472	3862	3352	5299	880	20045	1372	1583	50	3033	1243	4417	4219	523	7018	544	2588	14172	970	2222	4257	3724	49618	254	2717	427	1351	2838	15807	543	381	782	5114	741	20429	1773	9221	122	42	385	2072	8482	111	997	1505	2610	72208	6766	174	789	921	2204	672	11574	7744	17025	6963	2777	2987	2533	52	64	177635	64	42	4524	337	991	2128	1273	1517	93	2653	1638	2639	6144	173	636	2056	1920	436	130	18080	2393	4615	268	8752	2100	6734	511	212	1215	786	7186	102	42	9206	951	2500	33878	499	6906	70981	105	5261	995	750	7778	2037	3757	1697	5099	3679	816	197	200	18996	253	29933	3071	17861	264	7070	1645	774	533	53137	1725	2401	3746	4381	1772	4730	1371	2911	385	9107	2951	2238	2007	5172	1556	440	42	15123	3651	2015	5713	2044	18143	17367	25242	281	1712	52	2374	696	1593	4850	2069	968	42	867	511	735	20347	1387	499
Sample_22	333	1399	212	3149	2185	2968	2559	374	8427	1746	420	46118	4023	948	1808	1788	42	598	19010	222	1495	34218	2125	2501	3565	1492	2017	24994	1728	1180	3392	10299	1930	6072	1006	3529	6522	5477	205	108162	2495	61206	6708	3848	3733	1228	2286	2551	312	2925	42	4037	80	2518	410	3772	1124	2830	7075	710	2384	7532	211	351	1589	162	222120	12360	2073	2536	3424	422	1144	2346	5197	1017	56682	3884	42	5907	1340	3498	10700	6563	33029	2970	97827	1219	36786	1561	1545	3894	98865	4004	44	892	3991	156340	5169	1607	42	12012	1259	221	413	17734	3349	631	2450	2876	5966	8212	591	1951	8427	1192	839	6043	19346	954	97	2758	57524	3333	481	823	3712	6476	553	56747	13539	8083	743	1344	156	311433	2605	639	1896	39913	3931	1530	4824	414	465	1556	42	14320	3634	10797	5021	1898	41443	1096	904	6834	70	3701	58821	20532	309	3504	11214	4402	9310	720	760	42	268	96	925	1534	1708	3457	94	589	6047	8585	644	1531	194	5125	6667	54490	3862	66	1041	2237	2830	908	34558	87612	1872	1660	480	3535	415	67	23041	1530	7515	3312	10368	1758	2806	3401	849	477	7976	791	159	1582	6236	201	42	26860	6566	47078	119	1986	10313	1233	4035	4304	43875	4783	11019	8642	6611	129	1281	1672	79	13169	5729	19356	731	1298	15853	104	3327	9834	59	69	2737	873	3533	56992	1971	2161	7677	1594	2076	5189	36352	655	877	5287	4328	1930	1415	7474	13242	186	6120	136	8049	3718	4926	8918	2762	3062	5795	80	969	364	5639	1899	6819	6446	2004	6929	14757	1796	3177	5723	1864	2949	1853	735	665	4457	14793	1384	8716	4605	3849	7773	42	6878	35594	4705	74420	4257	7815	1239	2672	6301	868	1309	526	1992	1814	8592	6390	8760	2227	341	11191	41740	6678	7600	4986	1158	1332	13673	1409	6164	46	7873	695	5913	5068	3564	7514	852	21019	1249	2515	45	4538	2270	4914	8953	852	8264	1130	3007	12960	2174	2012	4388	6532	63773	431	2265	546	2043	4874	26742	924	578	841	5484	1092	29037	2659	12546	186	42	655	9838	12952	249	2057	2586	355	60114	4626	1435	1106	1450	2016	1471	14277	8437	17813	5592	5268	4069	3781	46	67	199338	62	42	7138	424	1191	1923	1597	2477	78	2880	2691	4860	6947	172	1031	2354	1544	548	162	14795	3642	6175	316	7716	2843	7756	717	251	1314	1089	7141	115	43	8374	2066	3119	40110	812	6061	84361	106	5975	1647	811	9177	2505	5603	2025	6706	6017	970	200	243	33491	433	31025	7289	20718	469	8700	1954	920	968	69410	2995	3073	2751	4142	2049	4502	1603	3709	1226	12198	4057	2012	2826	5312	2240	567	42	18729	4247	3391	6406	2523	21299	20467	40262	328	2121	45	4580	1724	2516	4880	1655	3748	42	668	936	1148	25400	2119	843
Sample_23	953	1470	272	4021	978	3992	2906	584	9548	2474	63	43884	6004	645	2648	1694	42	340	17553	218	1007	31066	2371	2980	3473	1230	2697	22492	2287	1105	5030	10654	1764	5637	1278	3421	8600	4777	1356	84650	3995	33693	4569	4798	3362	998	1919	2111	284	3774	945	5960	125	2381	475	3967	1564	2174	7763	374	3450	6458	101	46	934	351	140316	11719	2952	2925	2322	354	940	3556	6923	2356	6689	4957	42	2262	2175	4716	10390	6080	35628	1909	161448	970	42967	1844	1890	4008	77594	5639	42	999	5053	157466	5098	1546	48	12334	2375	316	653	12558	4500	2181	3103	2387	4486	9765	529	2557	8803	1957	1241	5938	22556	1715	468	2965	61759	4423	692	1040	4737	2829	407	84819	11375	8322	558	742	46	377479	3892	504	1730	19129	2903	473	8575	573	339	2584	42	13064	4598	24345	5928	1937	36206	1691	663	8403	126	3832	62464	20458	294	2514	12278	5198	9470	3108	761	42	426	298	1783	934	2290	4338	42	605	3551	7795	1759	1343	86	7291	5258	51547	3800	56	1369	2336	3200	821	39170	82909	1625	1645	787	3997	479	46	25566	1112	2326	3702	11778	2179	2510	3786	518	414	6923	1160	458	1865	6583	55	42	50966	6153	41885	645	2615	9919	193	4249	3332	53809	4322	5730	14028	6217	205	1155	1765	109	14919	5440	20112	592	1203	18441	113	4541	11649	172	75	3555	1688	4380	46222	1908	2368	5705	1743	2334	8047	33061	42	1304	5449	4881	3276	1526	7424	18617	210	7568	70	5760	4009	4271	11748	3348	4387	7010	60	817	685	8810	3264	9089	9166	1648	6373	13252	2710	3783	9061	1718	3522	1341	1161	698	4048	12536	1276	9647	5919	4698	6451	43	7629	84690	5122	93219	1756	19940	2216	1679	6879	1490	1652	912	1798	2138	10169	2948	10407	3036	641	14599	63536	7039	12310	16424	1481	1823	15457	860	1533	42	9917	866	4656	6131	5076	6018	1384	25931	1745	1740	57	5140	2978	5176	67227	803	7581	134	3295	13116	2134	1954	5168	4197	70062	552	3603	781	2543	5065	27693	752	806	1318	7515	815	39431	1832	12414	394	42	613	22613	18765	73	1588	2779	83	20395	14517	1571	1367	1954	4292	1123	18453	6811	14038	7513	4056	3118	3739	677	118	219196	61	44	9143	200	1220	3753	1819	2349	75	2815	3241	5555	8997	68	648	2186	1531	559	180	12897	3492	6314	362	8687	3785	7455	419	227	1045	738	8713	89	42	7292	1492	2189	35670	1074	5947	73682	113	6470	950	1039	8425	3906	7021	2466	9921	3753	837	219	348	43123	730	44849	2964	25801	778	9492	2451	1153	1119	100750	1853	4293	4627	5968	2960	6519	2244	4488	1211	12938	2932	2730	4599	5466	2324	281	42	18291	6216	2823	5719	2772	17647	22984	44292	377	3295	48	2786	1438	2093	3899	2224	3495	74	932	1380	1023	43547	2710	1353
Sample_24	968	1346	155	3054	902	3672	1597	458	8945	2625	62	32877	3544	712	2081	2605	42	365	19170	170	907	27974	2175	3159	2622	926	2301	20613	2101	1059	4911	10110	1613	4564	936	3937	7755	5136	127	78036	5165	46053	3553	5159	3322	715	2028	1803	288	3529	1261	5401	67	1823	317	4022	1504	1848	7315	481	2834	3743	76	42	867	294	94209	5393	2735	2361	2316	384	862	2163	6513	1173	6449	4750	42	2287	2300	4380	11525	3970	33199	1377	155631	687	39956	1623	1754	3496	105878	5067	44	991	4352	124230	5043	1496	54	15265	2395	339	563	9489	4173	4300	2654	1425	5662	9487	187	3548	8929	1826	1106	6383	26803	1505	384	2628	57149	3837	673	784	4001	2637	457	112026	11184	12559	634	776	51	304241	4942	456	1799	16572	3783	345	3722	376	396	2171	42	10125	4860	11327	3374	1593	37291	2464	631	9126	90	3302	63800	22619	319	2379	15882	5487	10627	1489	434	42	345	243	2066	847	2545	3761	42	486	2403	6835	1288	2033	108	6497	5683	45235	4118	62	824	1769	3088	790	42766	64734	1389	1606	671	5425	394	46	26609	913	2316	4937	12319	2039	2367	3246	687	460	8773	733	160	2438	6767	61	42	37310	5830	34074	634	1685	15026	197	4493	2874	62931	6230	6069	17479	4770	221	1823	1447	90	11658	5416	19440	372	963	20918	143	4217	11377	275	79	2953	1150	4229	48290	1672	2168	7433	1845	2627	6225	32201	42	1139	6416	4987	3304	1142	6347	17162	191	6385	67	6801	5423	4713	10692	3141	4617	6567	60	750	558	7455	2706	12357	13587	1107	6453	14804	3004	3616	7912	1513	2852	1298	908	758	5422	14192	1273	9744	5682	6563	7738	43	8035	48655	4178	65543	1562	17298	2138	2207	5883	1190	1473	831	1762	2410	10155	4303	10484	2693	519	15048	63544	7834	5551	11984	2343	2093	16408	713	1118	42	6626	971	5151	6405	3584	6635	1187	27360	1618	1373	65	5108	3355	5747	7696	707	8163	97	2940	17428	1739	2228	5247	3646	65632	662	6384	550	1759	3609	22205	544	780	1079	6974	799	34141	2235	12947	337	44	550	10672	17432	67	1239	2370	59	19259	13316	670	1091	1644	3406	1007	16835	6667	16033	10272	3014	3947	3278	630	99	188938	55	62	7565	258	1287	3975	1822	2132	79	3088	2906	4364	9054	78	470	1719	1845	433	172	16771	2881	5767	363	9635	3044	7725	490	314	954	708	9186	80	42	9486	919	1958	45976	1162	6605	72178	92	6006	821	900	7780	3511	5721	2149	8366	4148	775	316	340	35121	410	38414	3235	24535	671	9386	2118	1258	718	80045	2088	4529	5150	6005	2180	7021	2005	4992	787	15955	2788	3204	4277	7486	1900	115	42	22687	5697	3259	5902	2938	15933	24580	39658	223	2582	49	2833	1136	3072	4853	2045	2502	46	930	1168	1166	40497	2297	1895
Sample_25	988	1154	180	2941	603	3022	1971	369	7498	1971	51	28601	4356	545	1717	1191	42	234	12116	134	574	20914	1842	2276	2759	865	2111	16181	1786	836	3537	8392	1396	4240	1080	2368	6591	3120	795	62607	2953	22364	2730	3365	2379	687	1469	1599	258	2926	625	4379	134	1762	322	2641	1068	1370	5519	337	2649	5368	48	45	745	279	103070	9338	2032	2036	1993	233	744	1887	5038	1582	5398	3633	42	1688	1520	3498	7005	4029	28075	1369	129761	700	27407	1592	1400	3289	59023	4006	48	815	3752	121191	3753	1281	50	10608	1706	245	550	8401	3224	2252	2498	1663	3447	8122	433	2026	6079	1419	889	4252	17506	1104	330	2020	46455	2973	571	758	3359	2020	351	68122	8115	6232	435	391	42	273034	2944	469	1153	14429	2268	249	6738	419	185	1815	42	9112	3162	17854	3811	1438	29796	1415	469	6187	100	2914	45324	16481	248	1799	8481	3851	6568	1956	601	42	314	228	1180	644	1499	3146	42	383	2482	6210	1641	1009	68	4970	3947	39239	2802	46	927	1676	2458	474	27488	58306	997	1285	575	2941	328	44	17155	562	1720	3075	8801	1572	1801	2709	396	361	5311	731	488	1400	4513	48	42	37533	4127	29623	511	1991	8564	155	3246	2271	38942	3521	4331	10611	4586	169	906	1435	81	11719	4235	14880	494	800	11598	70	3351	8069	152	53	2602	1187	3232	34764	1288	1567	4584	1290	1769	5513	25427	42	998	4085	3666	2362	1002	4672	13326	190	5368	65	4291	3075	3200	8166	2586	3451	5438	62	623	417	6692	2239	6951	6637	1022	5384	10072	2003	2638	6827	1146	2842	989	891	464	3244	8598	782	7132	3949	3737	4883	43	6028	65260	3832	69135	1249	14255	1702	1472	4789	1035	1194	713	1109	1400	7224	2461	6948	2057	464	9429	48572	4869	7968	11915	1163	1315	10493	540	1437	42	7294	658	3399	4283	3343	4066	850	18609	1226	1320	53	3713	2023	3480	46693	487	5547	97	2357	10016	1501	1592	4554	3123	54163	308	3166	545	1845	3450	21248	564	624	986	5054	606	27873	1615	7992	294	42	494	18550	13635	74	1137	1947	68	15398	10702	858	923	1433	2777	764	15005	5149	10425	5532	2894	2298	2928	502	89	165045	58	48	6995	123	1063	2592	1246	1699	92	2127	2321	3930	5597	58	439	1722	1246	454	164	9538	2638	4971	249	6426	2735	5021	338	230	787	615	6712	77	42	6308	1015	1262	25586	780	4464	52986	90	4563	715	779	5946	2542	5079	1760	6954	2695	581	115	292	31020	490	35345	1866	19827	585	8006	2030	827	782	79785	1747	3012	3499	4521	1942	4700	1786	3272	893	9632	2446	2078	2990	4039	1801	206	42	14109	3800	1992	4734	1951	11937	17858	34352	258	2160	44	2005	1139	1741	2826	1629	2598	69	668	948	768	30736	2043	1155
Sample_26	123	77	5540	11449	17565	211	69	2843	5546	1124	7045	3083	6667	42	723	1735	42	271	9219	3879	9447	1042	4085	5801	1103	158	7852	263	880	843	3351	740	5147	20693	328	701	1357	60	7620	3328	64806	1877	874	1211	1232	1217	317	1992	7433	45056	322	4329	4882	16905	823	3600	1073	65553	5480	23525	1622	216	46	1225	5255	42	3338	2264	433	42	2006	2300	21482	1094	450	4428	122	1058	823	408	13312	3379	2591	6071	300	1339	1250	4224	376	668	2153	571	6091	1364433	341	901	4607	286	947	42	1475	511	208	41003	1017	42	2178	4239	96	893	831	10431	661	6871	3704	63997	199	345	7776	40089	973	6093	6047	5734	147614	4571	12928	1851	1654	1800	2306	1853	165	6673	137003	4617	89	1070	4857	1374	8784	5669	68	10880	1902	1306	21526	1807	4012	1654	401	361	88786	220	13456	732	5143	1610	900	331	1119	148	216459	96	686	2353	2966	4380	1099	6510	2444	610	2643	1024	4994	3748	1232	5038	2568	565	533	805	1611	3410	136	799	292	1367	100	4063	672	1052	1907	1707	104	6294	20229	3747	6953	5739	2322	970	6007	260	9565	4556	264	14749	1915	2210	321	2235	2679	107	163	2077	268	2268	6460	2167	261	576	1210	2657	6230	3528	4782	10295	3095	12939	42	45	3406	53	88	1731	2207	13991	3286	41672	1710	125	165	2058	17750	1566	5326	2946	87	11823	1936	7345	4421	4542	603	973	2643	9643	43	1416	8041	1635	102	5197	720	30551	5007	3092	15045	5187	1003	6727	7605	7178	1744	101	2630	161	19459	1199	618	2279	28982	987	370	3540	21828	1123	1608	1788	488	262	8539	207	5209	42	54150	30150	949	4082	2807	1880	838	10395	3937	2473	2096	4195	225177	122977	13791	351	2440	4843	8146	859	6735	3980	64598	7617	1839	2788	5248	2225	35493	566	1671	5858	1156	356	2072	1077	2367	503	3658	247	2618	1258	2256	604	33708	11132	8817	23851	920	718	42	10518	14438	2273	15053	14911	523	1604	8690	7104	12940	1438	8519	37972	3189	232	735	3139	398	1671	603	1287	5622	793	1282	101	1577	1663	4067	2984	4188	5774	2639	5190	61	6516	1777	1391	6297	806	5686	4170	46	44	5075	5953	1892	4374	1397	8233	1444	2998	12573	588	42	1324	42	8387	14030	704	10595	1133	2065	2871	5823	832	4423	187	42	851	1984	1001	26744	46	2883	211	6126	372	5716	1480	646	2595	10198	912	99	5266	869	778	117	2119	244	119	7396	2111	2183	938	563	21481	42	808	512	3094	448	5491	2824	666	1089	122	285	1177	1509	2083	42	56547	42	1040	11253	952	278	118	6769	2422	2711	898	5884	2035	5460	6912	17013	106	178	1086	2329	2336	7021	2617	1073	1759	1046	230	4043	472	85237	2606	4128	125234	1296	4405	2472	2152	3393	9083	24301
Sample_27	116	71	5920	12120	19677	268	98	3079	4109	1945	9123	3267	7878	42	277	2992	42	775	12998	3018	5050	1998	6785	5679	2267	193	7891	410	1084	936	5373	761	5190	27239	341	1958	2117	52	11059	5429	41803	2234	5836	1592	1742	1577	324	3309	7493	60565	819	5655	5400	18466	968	3850	1386	73394	10216	46263	2874	272	52	1699	5785	42	4146	2849	737	42	2520	2895	29467	1059	594	5176	524	1272	1441	1009	16606	6339	3637	7267	468	1304	1965	4169	499	1113	4027	1207	7943	1967051	329	1059	4617	379	751	42	2751	895	1242	49203	1128	42	2223	4864	66	1881	884	11285	822	6129	4361	91709	408	454	4496	310902	1531	4790	9557	7486	139871	3358	13920	3161	3016	2210	5142	2007	298	7085	164052	7494	61	1929	5509	1671	9323	6256	202	8711	2795	934	16613	1806	10827	2133	316	717	109210	380	13466	808	5465	1932	958	1685	1285	329	308464	45	573	2164	3490	5035	1575	3027	6716	861	4847	1460	5839	5239	1237	5549	3287	871	2832	613	1927	3491	308	605	332	1023	231	10284	712	1216	2743	2265	68	8959	25550	4314	10301	5667	3562	1401	5406	384	10987	7054	496	22704	3063	2430	667	2751	2917	67	152	2277	414	2579	11402	3181	684	819	1720	2125	4982	4603	5087	14492	3691	18707	42	44	6605	102	66	1175	3774	14342	4539	43471	5915	179	136	2366	16283	2058	8106	3957	88	16031	2235	10046	6542	6364	726	1457	4796	15297	44	2150	8815	2634	109	2198	1201	34777	7512	4822	26624	6374	1137	7209	8661	7479	1860	263	3782	188	16903	1345	1121	3489	48547	1616	871	4891	42570	2005	1570	2756	642	327	17315	296	5822	44	65923	33074	1276	4413	2131	2577	986	17512	8181	5579	3905	2719	338325	145918	10787	537	2370	7117	10954	1031	6785	5706	144611	9648	1690	3951	7192	2855	34817	747	1677	4450	2049	522	4112	1317	3155	627	3892	231	2763	1749	4305	670	70675	22374	12658	50767	2566	957	42	10244	22663	3298	26004	21786	950	2570	14164	10266	20099	1425	7349	30929	3884	42	1277	3656	397	1542	820	2060	4469	1058	1634	186	2005	1505	3692	2541	5143	9610	3361	7015	154	7559	2588	2388	5948	980	8975	5917	47	45	3842	6886	2511	5508	1148	7352	2992	4454	11111	1112	42	1666	82	11338	12686	1013	13831	5759	2022	2183	9198	1127	9442	305	42	1642	2960	1526	32909	54	3219	523	6170	558	7238	1668	906	2897	10198	2452	298	4909	1167	895	151	5353	316	137	8043	3031	2656	1745	1022	18770	328	1017	990	4220	851	7795	2080	1330	1694	260	289	1680	1526	3864	42	48670	42	1231	11957	1385	205	289	7826	4463	3920	795	7622	2502	8869	9507	19456	304	310	1057	3722	2530	7297	4884	1280	1704	928	811	2630	904	102300	3225	5209	147812	2820	5639	3241	2380	3552	16503	20205
Sample_28	105	42	8619	11522	23857	220	66	3944	4415	5024	10304	4998	10230	42	1368	2690	42	873	13070	2728	13055	1257	2864	9080	1557	254	9478	584	1245	895	10106	571	6578	24674	586	10879	2658	317	14792	5712	47471	2666	75	2277	1570	2052	355	3072	10404	53383	400	6758	5760	22486	938	5662	1712	69267	16420	50429	3050	379	44	1424	5877	42	2375	2785	701	42	4276	3279	19263	1019	3506	6213	1199	1869	1250	820	9988	4922	4212	9356	106	1307	2912	4723	460	1641	2015	1329	7235	1901203	517	1291	4401	678	627	42	2553	642	8144	43752	1353	42	2910	4422	2186	1930	1502	16537	848	10334	4209	97094	1130	371	12574	17205	1915	4003	10287	7059	148232	3670	13442	2586	1423	3274	9826	2591	348	14440	165155	8307	42	1791	4730	2222	7467	7951	46	9051	3736	2045	16390	3118	11103	1953	358	695	112577	254	22151	1233	6642	2259	946	8161	1323	343	255052	87	518	2723	4269	6762	1796	5165	5457	825	5677	1438	5119	4410	1545	6674	4806	496	2221	427	2054	3412	45	776	318	1645	182	4322	738	2331	1990	2350	174	10988	23215	4741	13444	5499	3312	1957	5523	280	10557	6447	449	20066	2423	2586	555	3617	3201	151	150	2651	415	2637	5717	3550	71	1272	2162	2567	2907	6306	5936	16215	5592	17551	44	92	8457	131	44	287	4865	13049	3347	43864	3902	42	66	3009	31887	2849	8694	4032	91	18109	4557	13139	7777	6867	1232	975	7838	12574	46	2345	7183	2495	70	331	2101	41975	7739	6335	19690	6728	1036	6217	11713	11061	1529	479	4352	323	10378	1660	472	5227	45119	1583	508	4485	53501	1301	2391	2285	845	219	17984	357	6639	42	74996	25858	1339	4559	2290	2264	1167	14729	5536	1487	5405	11467	259951	147773	10226	599	2807	9308	12996	1154	5837	7537	99493	10868	2546	5506	10820	4035	58161	887	2544	4902	1869	401	4884	2007	3950	889	2455	479	2969	1101	6097	688	90615	14848	10924	35689	3645	1280	92	13508	16815	3686	28536	23185	931	2585	22234	9549	13215	2220	6775	26808	4592	42	1683	4525	441	1562	730	2535	5533	1270	2120	106	2253	104	5267	2673	5773	9513	4191	7549	66	8508	3080	4288	6107	2033	10803	5691	44	56	4861	6576	1630	6329	1786	8452	2171	3672	10535	1268	43	3583	71	7907	17227	818	14397	4402	2681	2466	14972	986	10370	276	42	1746	4488	1255	52260	42	2717	924	10710	612	7585	1835	883	3577	11758	2301	284	7602	1022	982	76	2470	198	128	7178	2508	2563	2319	1457	12602	6442	1256	1418	4498	1447	7420	2280	807	2147	209	52	1885	1431	3071	42	68907	42	2004	11977	1967	642	380	11623	4253	5122	1500	8175	3439	16549	11854	32837	130	255	1976	1990	6463	8276	4410	1835	1826	1042	517	2451	918	105237	5106	5273	154000	10814	7193	3319	2046	1847	25855	17624
Sample_29	118	42	8313	12040	22150	235	56	3827	5671	4745	10954	3839	11151	42	95	2989	42	612	13607	2484	11841	1061	2958	9314	1584	243	10707	438	1116	918	9449	691	5953	27774	425	3247	2427	377	9675	6103	41820	4048	109	1993	1498	2354	328	2332	11262	46871	726	5585	5449	26656	860	4466	1390	61414	21314	52631	2515	427	42	1380	5559	42	2520	2997	668	42	4060	3099	19771	1987	3028	5845	659	1689	1064	623	12341	4938	4327	9117	84	1252	2794	5891	343	1078	1674	1059	5837	2283903	462	1095	5149	568	695	42	2658	807	761	39753	1566	42	2894	4601	2745	3044	1268	16753	1050	9743	3866	101426	484	313	12844	55028	1779	5768	10818	8963	149450	4190	15721	2472	1106	2770	9084	2516	315	11551	142412	7992	42	1195	5002	1621	10930	10091	68	10511	2283	1441	8333	2909	7782	2859	306	896	100279	273	22199	873	6535	2050	882	1410	1219	257	261561	68	635	2539	4770	6669	1870	6167	5559	852	5174	1447	4602	3844	1175	6655	4179	436	1605	178	2087	5319	51	558	365	1932	217	3331	776	2400	1746	2324	97	11106	31071	4054	13460	5844	3031	2264	9468	221	10458	5763	170	20417	2728	2942	486	3404	5989	62	135	2483	333	2314	5298	3766	65	1130	2264	3469	2638	5654	5635	14608	4208	19518	50	87	6107	54	44	257	3436	16130	3068	40511	2312	42	52	2718	26537	2765	7883	3860	68	18096	3597	11915	7451	5851	1135	1472	5159	17568	43	2025	9668	2727	66	263	1709	36110	7791	6573	13287	6394	939	7634	15325	9943	1842	345	4388	306	7134	1581	428	7053	43042	1126	451	4984	40530	1287	2526	2151	652	214	15731	223	6001	42	61183	28969	1165	4643	3057	2337	1144	12775	4014	1403	5896	7687	235858	135549	9379	520	4582	7814	11473	1333	6519	6758	98091	11005	2998	4151	10634	3189	54292	844	2598	7490	1499	374	4433	1943	3507	664	3458	470	2842	1020	5554	644	84238	8061	13028	28730	4073	930	116	13621	15289	3913	25818	23624	698	4175	20763	8453	18183	2168	8880	28050	4166	42	1589	4229	406	1542	656	2298	8092	1250	2236	96	2050	297	5396	2953	5017	7778	4073	7172	58	7346	3120	2788	5643	1666	10442	5942	42	50	5417	7549	1965	6523	1465	9696	2450	4174	15451	772	42	3125	52	8062	23085	766	14414	2024	2545	2664	10145	1083	10228	248	42	1602	3852	1136	29895	42	2880	471	12290	519	7146	1721	820	3745	11534	1493	187	6916	1043	832	75	2084	233	207	8544	2528	2127	1855	932	14835	6559	1015	1148	4158	967	8495	3243	954	2051	157	70	1501	1464	2574	42	68872	42	2713	11843	1787	712	239	10808	3876	3910	1525	9718	3635	12788	11268	26804	70	233	1775	2383	7276	11032	4632	1603	2130	721	564	2086	902	125202	4792	4402	140324	8021	6657	4822	1908	2908	19299	22925
Sample_30	94	42	5702	7556	16501	195	58	2697	3551	3511	8060	3514	6751	42	1584	1990	42	660	9479	2028	9777	889	2051	6722	1279	242	7753	442	944	637	7033	509	4431	17714	500	9347	1823	280	10791	4306	28387	1890	58	1622	1348	1673	264	2202	7883	43370	313	4957	4094	15080	629	4606	1278	52619	12432	37905	2435	358	42	939	4409	42	1944	2094	567	42	2896	2289	15204	792	3187	4859	823	1310	859	623	6850	3403	3041	6474	110	971	1952	3625	351	1026	1509	885	5411	1406961	431	1065	3545	513	523	42	1901	429	5922	36437	1099	42	2113	3594	793	2814	1106	11242	628	6623	2910	72641	908	370	8853	6218	1193	2744	7079	4499	123147	2933	10142	1683	1155	2126	7244	1784	266	10697	126062	5372	42	1311	3792	1609	5545	5104	56	6887	2593	1268	12771	2538	7492	1524	270	492	94086	186	16170	1038	4645	1741	991	5187	837	207	219259	79	387	2206	3654	4472	1204	3846	3208	661	4464	1182	4154	3378	1035	4248	3304	438	1536	341	1508	2911	57	549	243	1258	123	3348	547	1758	1615	1779	119	7039	16826	3395	10200	4078	2510	1456	4334	223	7000	4983	187	15579	1731	1879	406	2595	2553	143	95	2002	256	2029	3885	2345	50	811	1463	1975	2108	4862	4469	11572	4225	12522	42	85	7230	131	44	269	3380	10365	2663	35745	3103	42	48	2026	22642	1862	5629	3404	80	13216	3417	9099	6420	4416	818	786	4930	8412	44	1712	5649	1259	64	290	1512	32958	5693	4172	14341	4779	904	4482	7835	7748	1443	348	2720	263	8582	1106	397	4234	31775	1085	407	3389	37682	966	1828	1656	643	235	12368	232	4757	42	51049	20490	881	3845	2038	2007	930	10633	4030	1077	4034	8020	208957	113755	7631	479	1939	6457	9499	970	4678	5533	68284	7525	1839	4272	7061	2840	45321	685	1741	4400	1336	311	3678	1384	2903	568	1831	353	2358	919	4609	488	61805	10471	7633	26234	2526	923	58	9634	11606	2410	21564	18299	628	1852	15707	7173	9429	1515	4915	18695	3702	42	1149	3261	261	1047	554	1685	4626	873	1548	93	1562	81	4042	2286	4525	6296	2957	5400	50	5993	2141	2702	4254	1465	7840	3696	44	42	3580	4316	1297	4781	1303	6217	1523	2875	9011	823	85	2184	57	5522	12442	670	10540	2913	2237	1887	11019	827	6755	152	42	1306	3415	1025	39575	42	1965	638	7571	406	5577	1448	717	2318	8902	1827	228	5560	640	651	63	1620	164	95	4951	1761	1783	1627	1060	9600	7191	951	1074	3755	971	5221	2154	636	1445	150	55	1264	1147	1558	42	51313	42	1336	10290	1419	468	285	8504	2646	3357	1001	5666	2608	12387	9168	25704	72	141	1437	1420	4625	6493	3431	1411	1358	616	395	1859	814	78449	3725	3549	127301	8305	4909	2383	1517	1577	18829	13909
Sample_31	3864	3004	2326	11354	4376	624	1659	54	1100	16057	316	373	3958	8392	2746	3856	541	1079	556	10684	50066	1097	745	560	157	15183	16067	3691	442	651	349	376	70	1929	264	16679	2910	144	4143	6820	42	779	802	8760	2645	17738	784	39876	1683	1286	3184	4037	2219	42	334	23667	1117	1363	503	1144	42	42	47	331	1769	1623	1573	419	2136	1178	1556	508	5246	15650	2845	141597	1688	869	486	1529	70	1594	3141	18916	28477	1046	1578	5569	2850	87320	14592	7833	11435	1553	1478	1640	903	548	3811	494	299	531	2110	1446	3650	5091	882	42	7731	7044	12766	29946	2090	2442	783	3067	150	1765	305	4679	2972	645	38508	1542	6516	2752	775	1573	1351	3563	6329	807	6313	2128	5112	829	691	94334	1019	8224	894	1199	2891	1464	651	44	2413	636	12191	44	942	1688	96208	77104	265	2222	1231	441	637	1478	6090	180	757	7071	1062	4809	14781	635	1428	2105	29444	1052	7205	1056	1322	24547	2012	1237	1170	178	1023	1705	3482	206	1985	251	866	220	786	1188	1245	114	2037	6495	6837	1528	38281	64830	1628	444	54647	2206	3316	740	4438	916	6186	1515	2768	498	1852	1070	5705	7752	991	120	1757	2616	1643	8629	710	934	683	42	795	884	49	30688	1618	1498	349	119878	1027	3376	1757	9954	279	216	16134	1042	5830	3178	519	2346	42	1967	3987	47	3157	1059	44	900	1130	359	889	943	2320	5621	1809	29823	408	6865	1257	2938	17317	545	3179	1200	611	246	10229	9489	330	9340	3409	16950	6704	8069	785	34606	34183	1471	47	42	2363	9897	3675	126	52	9745	1336	3504	42	3318	785	2183	2281	73645	2482	19523	15133	514	488	2455	12586	4227	154561	1343	534	358	4190	915	6341	2760	3934	62127	208	1131	11596	61017	2493	998	1782	5412	525	1036	2636	81	53	528	8063	7610	70	2479	9932	3256	139	1133	77894	3671	79048	48	276241	3740	6884	207	6116	1491	1152	985	4025	75977	615	1802	1061	1240	868	2744	1003	3816	42	1533	5776	2893	5726	673	5763	64	23292	2587	42	4740	1423	560	5566	1526	11198	7003	1496	1108	12612	168	2823	44	28931	2693	3546	487	5884	8385	79726	5048	8184	58	42	42	1213	2087	46	4613	2486	6912	856	935	2323	794	12721	581	780	2093	3171	64	3544	662	92	460	4674	1721	42	5295	2530	309	1189	2302	680	9076	61	11612	1649	5684	1279	3402	5883	92	7726	574	953	63472	519	42	3494	110	938	2865	628	5921	5297	477	6476	424	7406	60	1267	868	778	127	2866	3974	8735	2410	3476	1578	2437	827	1256	672	1814	6933	1215	12560	159	1262	2007	1650	23128	24081	3615	11312	7244	1875	504	7858	46186	969	2773	4245	11839	53	545	227512	92	6068	4563	109	2349	1732	10377	595	2812
Sample_32	4132	3564	6035	12811	5524	2571	3402	42	1491	38222	363	514	4861	9846	5281	4703	1024	1695	796	10124	60265	2461	468	853	189	20919	38516	4528	1335	1080	422	490	98	2271	375	14715	3319	292	4314	8491	42	651	879	11297	3315	14723	740	60249	2412	2181	3032	3397	3240	42	3055	28310	1444	1708	3341	1868	42	42	53	570	1992	1577	2019	542	2877	1502	1373	735	5427	19992	5604	173544	2996	989	759	1603	375	2211	4890	40954	35126	3194	2210	8209	2798	97467	12784	5793	22775	1579	2456	1801	2254	698	4656	528	261	867	2888	4109	5395	3009	1537	42	12221	7835	17759	49097	2883	5585	1152	3614	171	2990	418	5679	2781	987	44759	1847	9706	3101	1082	1261	2336	3690	6387	1266	9406	2625	11840	1264	812	124332	1171	8718	779	2387	3736	1448	843	45	2581	1109	10018	42	1177	2053	128651	130515	453	2687	1960	866	1268	2551	8163	195	1063	6878	1689	4653	15365	1148	1478	2865	33047	1158	9443	726	1253	29319	2613	1258	2615	263	1137	2378	4318	313	1869	302	1398	333	913	1052	1556	119	2222	7216	8218	2067	55191	150570	1782	721	64961	2775	3639	1375	8232	1210	8482	1602	2704	580	3586	1304	5396	11592	2295	94	2402	3933	2031	12282	2303	1908	566	43	1504	1404	49	25381	2386	2411	781	149875	1218	4291	2679	14876	336	245	14995	1263	7006	4829	905	6882	42	3492	4650	42	2526	2215	42	1295	1606	503	1553	1532	3421	7539	1840	65191	491	10768	665	3966	18869	813	4537	1288	628	198	5117	7399	629	19296	5041	25599	6560	5387	773	43698	36075	1596	43	61	3006	10741	4262	151	106	15669	1953	3719	810	2968	1425	2412	5639	106194	2584	16263	17715	443	511	4304	11395	3309	213360	2400	1055	44	6095	1324	10643	4854	4947	75637	406	1539	12199	85468	2588	1466	2984	5852	906	1120	4076	75	69	908	7419	10841	107	3648	10268	4787	102	1981	96700	4320	85962	48	374536	3669	7431	331	11645	1995	2070	1171	4589	99762	793	2315	1721	2584	1139	3879	1510	3863	42	1192	12448	16015	6054	1467	6509	42	32347	3441	52	4842	1751	900	11106	1444	9146	9450	2774	972	14458	713	4555	106	27888	2372	2952	560	7160	8512	100487	5802	11503	80	42	42	1466	2322	130	8180	2924	9445	1265	1659	2938	1834	14282	724	845	3193	3204	55	3441	780	131	539	2594	2284	42	5617	1923	821	1584	3320	1212	7594	111	12739	3082	12240	1488	4095	9733	167	6827	752	1520	80889	674	706	4099	76	1369	3554	566	6293	7542	1150	7109	758	10061	105	1848	1119	1136	260	3018	2591	13718	5132	2982	2272	3134	1327	1538	878	2446	7749	1485	9959	227	1474	2658	2012	30799	34551	5064	21431	8510	2417	574	10695	51988	1641	2751	8487	14249	42	820	307431	147	5894	4872	382	2663	3254	11006	886	3596
Sample_33	5920	2977	3480	11769	6804	1753	2871	78	1743	27832	747	205	7135	17168	7212	5855	1321	1517	887	9893	56439	5269	1272	1257	751	17004	51638	4293	9008	1064	258	948	43	2073	449	4769	3150	410	3644	9300	42	1111	873	13202	4468	15015	987	45502	3612	2131	4295	5060	2978	42	94450	35934	1613	2354	21298	1826	44	42	47	360	4010	2262	2054	659	2785	1618	1617	831	7255	15784	3831	186191	3791	1767	772	1257	7830	1943	5875	23191	14418	3438	1343	7504	3814	100502	8613	8544	27798	1604	4655	2773	1689	1018	6857	444	42	754	6729	3999	5735	3252	2306	42	20385	11303	13522	42525	2663	9853	1392	4837	190	2569	621	8105	5147	1559	43908	2324	10348	3211	947	1314	2967	4193	4862	1144	8977	5084	12104	1917	710	124831	1514	10220	1912	2418	4170	1489	838	49	5268	1156	7841	47	871	3052	132936	120712	121	3329	3012	1814	629	2943	11405	42	1678	8784	1031	6039	20052	1251	2871	2723	31100	1313	11260	507	1455	25145	4406	1328	1215	332	1463	3184	6010	372	1523	587	1408	298	1368	1254	1913	92	2379	7864	8755	1954	39465	119964	2460	695	79986	3308	2866	1886	11013	1685	11976	1695	2637	3257	3517	1705	7181	11340	1662	42	2724	5146	2292	11153	2141	2545	863	46	2232	1164	64	60382	2406	2014	539	108140	429	5124	1681	17311	438	584	16744	2034	8027	6091	1148	7721	42	23216	4838	42	2197	1571	42	1034	1595	531	2145	3290	7113	8641	2852	52355	507	9379	1649	3994	23523	1185	7206	1674	709	190	13308	8960	998	19174	5626	31178	5873	5714	993	46158	45844	1712	42	237	3381	15655	6287	161	248	9475	2249	3663	59698	3406	1547	3133	3713	104084	3577	21066	23183	1172	683	4259	11911	4100	228943	2094	275	42	4931	1325	10245	5820	3955	75298	422	1363	20232	114	3304	1278	2948	5851	764	1666	42	68	90	118	7393	11165	120	7436	15186	5431	44	137	90550	4686	128173	54	374889	7238	7928	320	9697	2521	2047	2014	4644	83032	1451	3046	1818	2379	1473	4665	1177	5651	42	703	11057	28015	5543	2222	5221	42	39582	4009	123	4749	2281	1204	11515	2248	10537	10357	2917	1810	18657	5558	3262	56	35576	2967	5701	1388	12011	13297	89282	7177	8762	47	42	42	1903	3210	49	7820	3951	5482	1828	963	3616	3791	16877	1099	1116	2542	4081	83	2898	1173	172	524	1262	2162	42	6497	2192	2789	1459	3692	1167	9314	1492	10348	3515	2338	1700	5264	10454	473	5462	966	1495	94862	856	42	5692	50	1572	5777	657	6168	10124	930	8593	179	9836	134	2071	1135	1721	360	4688	2107	11882	4441	5177	2620	2945	1822	2296	848	1916	7384	1532	10526	119	2104	2598	1784	36917	65247	2767	21916	10861	2342	856	14641	63114	1878	3038	6113	10446	42	611	357984	295	6716	3398	321	3045	3367	9414	790	3709
Sample_34	5661	2699	3958	9900	7175	1162	2650	80	1818	22498	623	227	6926	14496	5547	5677	1017	1072	884	13418	51087	3592	1184	906	803	16839	38275	4488	2053	1042	292	773	43	1860	492	5092	3443	202	2729	8368	42	1205	1057	12023	3552	9044	1069	58617	3273	1961	3710	4880	2928	42	143360	32571	1532	1873	3777	1557	42	42	46	316	3886	1857	1977	705	3011	1961	1625	601	8010	16745	4177	270098	3555	1365	791	1423	2247	1695	4551	21624	26609	2753	1237	8514	3522	85563	12069	16533	16992	1659	3360	2730	620	964	6904	493	42	679	5883	3336	5920	4158	1941	42	15148	11334	14110	42611	2571	6826	1219	4272	220	2091	610	7910	4887	1241	43932	2514	9605	3227	799	1136	1676	5581	6709	900	7860	4733	5698	1872	831	122366	1486	11041	1430	1815	2961	1236	633	44	5200	1047	13167	42	877	2624	111835	119450	137	3620	3298	281	633	2406	10872	42	1424	9703	1209	10241	22721	825	2160	2392	44405	1434	10407	740	1463	26142	3747	1244	1039	430	1194	2226	5867	380	1518	610	1242	304	1724	1253	2678	104	3549	8808	7969	2010	50780	106555	2421	719	64055	3301	2944	1456	8784	1217	11139	1542	2202	2479	3004	1686	9045	10906	1149	42	2685	4626	2459	11391	1564	1735	811	42	1743	937	51	55182	2901	1811	434	105698	452	4449	1795	13807	355	477	31683	2187	8903	9151	831	6575	42	13751	4459	42	2900	1968	42	945	1012	472	1758	1753	4971	8595	2846	43435	549	10693	1526	4310	25781	906	6796	1760	684	232	12604	7896	801	15848	7871	31814	8225	8967	888	46024	38936	1951	43	228	2830	16120	8988	162	105	12674	2015	4407	12316	4240	1209	2909	3502	83068	3475	22399	24360	842	665	3625	14111	3048	230021	1379	383	42	5940	1428	9370	5147	4419	73985	296	1423	12634	82	2683	1213	2949	4560	631	1660	42	81	91	132	5832	10049	119	5695	16077	5993	44	83	82113	4175	102151	56	297553	7104	10234	337	6498	2419	1757	1987	4788	107694	1246	2659	1562	1844	1443	4440	1091	5096	42	453	8997	36063	5998	1704	5450	42	37445	3663	140	5750	2081	835	9298	1933	13919	10142	2338	1620	17244	1912	3364	46	50272	3599	4835	951	8979	11764	89315	8680	11743	46	42	42	1703	3137	45	8100	4230	4417	1853	776	3390	2054	15221	1211	997	2748	4745	103	4114	967	152	536	1298	2381	42	9333	2921	1459	1671	3349	1002	11482	335	12267	2765	702	1617	5256	9803	252	6505	835	1327	89968	740	46	5537	48	1290	4546	507	5197	7494	813	11688	117	9772	96	1648	1323	1479	276	5319	3761	12577	3943	4808	2410	3174	1697	2192	729	1907	9146	1558	14459	124	2185	2288	1715	31856	65508	3373	28362	8401	2450	904	11808	62540	1798	2587	4473	11612	42	447	339038	156	7392	2959	124	2726	2267	13729	854	2890
Sample_35	4385	2211	2618	8237	5072	1152	1802	64	1301	20179	485	180	5133	12353	4672	4010	845	995	623	7318	46075	3672	942	862	626	11825	37382	3171	5657	721	221	714	44	1578	343	3717	2340	311	2864	7195	42	943	648	9465	3126	11454	802	34186	2963	1573	3249	3107	2072	42	69031	26214	1118	1584	12784	1335	42	42	42	222	3230	1609	1435	501	2154	1152	1057	631	4843	11863	2722	161619	2550	1267	677	1308	6302	1528	4263	17852	9644	2458	1145	5061	2658	75534	6452	6469	19760	1178	3443	2156	604	690	5340	275	42	547	4875	2920	4234	2529	1685	42	14302	8410	9326	29794	2124	7240	1006	3431	186	1852	490	6309	3353	1146	31565	1799	7238	2755	651	1063	1913	3267	4052	1004	6721	3789	9336	1414	551	87919	1282	7709	1294	1929	3412	1173	490	49	3689	775	6014	48	617	2140	108683	89503	91	2374	2126	875	401	2148	7188	42	1242	6221	700	4145	15192	849	2000	2108	24429	855	8554	344	1097	18457	3412	1125	1010	236	1003	2284	4621	240	1181	431	1021	215	1277	1094	1355	89	2059	5930	6641	1468	30041	92734	1759	530	54357	2196	2478	1532	7409	1169	9134	1185	1942	3071	2797	1216	5714	8457	1180	42	2232	3870	1746	7428	1483	1691	604	46	1664	1037	44	39951	1779	1475	372	98006	340	3766	1103	12345	300	392	13087	1105	5556	4461	810	4721	42	17758	3650	42	1748	1272	42	838	1178	425	1618	2078	4740	5651	2214	38509	427	7154	1148	3066	18198	692	4471	1377	543	189	9804	6925	740	13678	4119	22651	4207	4837	809	34492	35155	1285	43	185	2622	11544	4481	149	97	7728	1519	2559	43531	2315	1326	2028	2665	78998	2806	16808	16268	749	471	2923	9094	2955	158390	1428	240	42	3325	1035	7868	4190	2925	53020	295	1063	13835	74	2295	898	2148	4631	531	1244	42	69	78	112	6346	9059	102	5546	10543	3818	44	103	75597	3860	105974	52	262636	5003	5988	271	6149	1893	1546	1418	3104	55090	1107	2104	1307	1760	934	3248	841	4384	42	496	8203	21287	4098	1612	4204	42	27049	2740	110	3615	1718	836	9035	1607	8281	7543	1788	1423	13789	4083	2211	48	26409	2189	4134	871	8329	9819	72670	4774	5670	42	42	42	1309	2063	51	5438	2631	4297	1306	622	2631	2872	11342	866	803	1751	2710	52	2083	839	112	367	945	1716	42	4748	1685	2119	1098	2802	1010	7291	947	7258	2714	1610	1240	3895	7689	365	4192	546	1164	68084	574	42	4024	44	1189	4352	490	4334	7197	734	6427	105	6866	107	1476	924	1288	286	3467	1732	8746	3220	3563	1810	2702	1401	1648	662	1506	4919	997	7900	65	1561	1954	1243	26244	48294	1869	16620	8648	1635	651	9793	46643	1230	2130	4388	7319	42	605	275829	224	4788	2865	237	2123	2807	7098	574	2568
Sample_36	6157	304	71714	897	3095	3920	388	9625	20083	104	424	1914	1455	2586	1010	1061	663	1216	845	751	278	1682	42	8253	2480	1191	1393	1437	3464	2884	1345	1616	1639	405	4179	42	3077	10485	931	202	2571	1972	1610	1451	86277	234	756	971	601	29121	16709	852	1835	78	1463	343571	1511	51506	2120	325	9168	49	5241	5442	24199	1990	10778	3755	2076	2653	2680	1667	15322	292	4481	13792	439	101	1101	523	255	1786	2712	259	1820	904	332	229	3043	854	4890	6210	766	16315	6133	358	19060	44	6183	785	2613	1387	25577	42	4011	25438	680	11485	800	11234	1822	7876	743	2896	3514	23151	2430	228	4270	828	2505	3678	3487	437	1054	5603	7646	1582	1062	277	84	1475	5205	9302	468	42	810	1068	900	970	48	798	462	48	433013	1006	1323	93	4249	1767	1556	1404	1998	1381	1048	5653	4702	103322	349	4408	2961	4336	1781	718	100791	1258	352	1711	139	505	3911	5593	1221	1958	96	2356	1030	1003	1061	841	5769	1546	11127	5426	2022	15256	984	669	54677	1638	5394	4860	1448	451	1550	2646	5992	133105	304	1913	2531	129	230	246	46	7517	1716	42	2126	1624	14271	713	53	4625	437	5901	52	44	32801	1275	989	67966	1157	529	1868	790	720	8422	19805	3313	42	512	1153	1529	44	42	382	828	161945	2767	2724	9109	711	1249	1227	784	3074	42	1030	480	1887	4439	2247	3381	25082	3910	68	802	9461	2645	426	1367	3087	78	4829	4923	760	511	618	444	11150	1861	6660	2080	103	45674	430	1456	1586	8691	9477	47	627	1787	1980	1672	1652	98	10359	20012	10221	9090	8944	2163	51	977	40947	9711	328419	2629	5074	3305	1419	2200	87	65	22851	64400	2748	5638	538	10994	1011	4653	2341	423539	1408	4201	59293	4308	17735	347	379	1506	26240	5555	10214	20341	6402	981	9557	576	300	1522	5621	1847	3250	1236	8876	1750	1884	7137	119115	5984	840	13024	2287	865	1856	1460	1098	64	5467	542	166	3587	42	2970	1825	21249	7049	15135	948	10795	3064	1180	42	2322	1667	1448	1708	729	7159	767	3058	361	778	101721	1241	25584	120543	669	105289	54	2643	1281	2891	4573	11515	2184	267	2716	2266	2428	47	53800	920	1555	1535	3078	77	1776	1304	100980	25735	8741	3068	9907	1218	637	30876	13038	452	63	737	1069	1023	211844	471	8898	1110	760	24644	625	2607	82	15576	735	467	52582	64580	4250	51945	1588	751	129194	211	146	23496	2344	4939	4759	2635	157	4993	7310	970	737	2150	31067	109	454	163	1804	3983	2952	626	3118	33104	75	225	5833	806	1460	55	955	3006	3018	1735	881	21283	2403	3560	2809	884	84	43	2860	4290	2447	144	1265	1617	3464	13935	5218	1070	464	819567	5186	467	24275	2064	605	60	93	10740	5310	909
Sample_37	7036	396	72688	1206	2784	3267	1381	17629	24202	131	1717	2968	1734	5585	1756	2128	1561	1885	1027	536	1125	1613	42	14366	2630	1683	1461	1733	4464	4018	1390	3313	2138	582	4810	56	7891	21339	925	571	2707	3721	4256	2200	99587	520	917	4245	803	44780	18864	2302	2784	198	2417	389354	1453	57267	2404	569	18198	56	4752	6183	24919	3050	12415	8308	1270	4194	2822	2070	20159	242	17385	27009	727	76	1213	622	369	1552	2293	533	3107	1616	198	233	4018	1535	5318	11366	782	17839	10730	530	14827	47	8656	1000	3443	1607	30069	42	4465	31888	909	14906	834	10329	3554	14037	904	3763	5290	22486	3584	214	5136	892	2832	6811	3628	1087	1379	6257	9078	1728	1466	250	108	1638	8425	3429	641	42	1382	1124	1666	1167	650	2526	669	50	550701	895	2196	154	4239	1699	1649	1998	2765	1941	2212	4440	9186	62822	931	5446	5396	7610	3095	719	107581	2319	326	2510	166	650	3889	9262	1806	2081	76	3103	1396	1376	923	755	7236	1257	14093	4082	2544	21035	1274	839	69995	1736	6886	7235	2114	331	2598	2726	6146	173871	940	2435	4673	127	319	463	249	9786	1969	42	2437	1621	15111	991	55	6397	546	5813	89	47	32142	1885	1171	85298	2142	951	2907	1358	517	9613	24087	3906	126	300	1454	1892	42	43	832	895	207576	4176	3074	16163	679	2006	1490	842	5011	42	1431	449	2200	4643	2192	3750	28223	5929	74	688	11718	2995	636	2021	3124	124	5175	6559	1002	921	711	276	14390	2244	11389	2736	128	75739	582	2089	2172	10302	13647	49	2144	1654	1762	2774	1533	73	17429	21096	11091	12474	21532	2436	57	1354	57688	13580	652768	3538	7040	4849	1630	2280	210	53	31683	103152	4051	5818	1280	9824	1581	6022	3447	603055	1298	2684	72130	7654	14855	130	566	1298	43936	4798	11408	8465	12148	1138	7828	748	458	2092	10152	1904	3802	1433	7810	3675	2923	10794	235132	7300	1004	23544	2371	1065	1758	2814	1454	90	6502	923	379	4232	42	9514	1971	26334	7541	16266	1061	13823	2876	2471	42	2540	1769	1753	1559	1360	9908	764	2656	794	1183	123923	1266	28625	70979	1116	112943	59	4499	1605	3681	5666	11429	3073	427	3679	9040	2695	46	81227	1027	3035	1611	4369	129	1737	1332	121771	34826	8181	3549	11299	1658	655	54902	15531	789	55	1542	1269	1221	376983	905	14456	1532	1376	26018	1017	3711	65	26094	1393	824	82625	40553	8712	54715	2596	1017	146626	381	255	36595	4190	4792	6925	2937	402	4597	11439	1413	1304	2218	41750	216	571	115	2204	2256	3588	786	3270	45560	117	73	7801	1248	1981	62	1210	4103	5034	2407	1363	26331	3102	6326	4531	2067	87	50	2924	5555	2124	246	1940	3737	4593	12037	6665	997	717	1081900	7780	352	22328	3881	2148	58	212	16900	6699	1266
Sample_38	9155	76	55056	1522	3266	5081	1593	17769	23025	98	849	3611	2147	6534	1450	2562	3848	2709	1395	611	816	2353	45	1339	2391	2051	2463	2384	6457	4234	1447	2280	3006	588	6751	42	5513	28753	1357	278	4711	3858	4024	2463	117271	452	1293	5502	519	53088	22192	3877	1967	126	1951	450100	1387	71165	2568	686	11679	66	8051	6576	25144	3905	21399	6463	653	4134	3312	3603	24235	489	15514	17878	953	57	1247	1095	238	1964	12640	644	3756	2796	144	547	3058	1178	4813	11134	842	11667	11249	604	11345	54	11423	730	3630	1628	29396	42	8781	38650	797	15861	1178	12054	5183	5671	1434	5205	4687	22865	4587	104	5680	1390	3580	7635	6600	549	1901	7298	12190	1894	1372	331	91	2309	14776	12678	468	42	1061	1088	1048	1296	146	27594	640	46	534068	1314	2133	137	4319	1417	2046	4374	2290	3002	1621	3227	7989	66872	87	4511	42	9538	3306	752	98702	2016	446	2806	333	699	5385	10933	1547	3110	69	3554	1549	2508	1686	931	8648	1937	19767	5408	2972	15891	1272	720	49554	2626	7082	6636	2095	374	2403	4448	5733	167760	520	4356	2091	53	42	278	530	12617	2627	42	2795	2044	16610	1327	47	6750	531	7833	50	42	40514	2242	1352	100966	1749	668	2237	1863	196	14742	31878	3710	42	391	428	2018	46	55	520	42	200890	3221	2946	13969	1076	2643	2179	1071	5629	42	1696	862	3799	7548	3837	3688	35593	4674	43	1015	29276	2628	949	3485	2220	220	2417	4103	1183	894	1035	322	5581	2793	14228	3751	54	97986	589	2866	2627	15224	8620	66	640	2369	2876	2998	1178	213	13499	10556	14062	12217	11606	3248	54	2148	84593	13355	981832	5278	7392	4794	2643	2878	690	42	101080	117566	7069	6662	1037	13328	2084	5932	4521	531052	1733	5398	125607	8355	6296	108	449	1842	55342	11553	12895	16549	9744	1505	17484	895	595	2385	7693	2457	3021	980	6078	13512	2500	12970	161878	8457	1184	18532	4557	1141	1795	1954	1657	58	6476	787	652	3640	42	37803	2328	22410	11322	15053	1012	15811	3613	4218	42	2287	1680	1852	1589	1951	11487	514	1762	291	1458	122376	1231	48609	53090	739	123059	54	4614	2126	3896	4894	14442	4129	459	3723	3811	3577	72	56341	1450	2370	1048	3010	162	2650	1658	123040	43153	9398	5212	9586	3025	921	41105	21196	1444	47	1128	1250	1476	377792	670	13661	1604	1738	31595	1567	3292	42	19141	1314	564	73068	75547	10658	67239	3119	1227	133389	554	383	46295	4693	4732	6833	4249	466	4999	21006	2176	880	2253	38730	159	1133	198	2616	5571	3167	789	2969	45948	116	167	4743	2060	1953	84	1220	4077	6090	2597	2149	29776	3126	5890	4672	1543	119	224	3685	4429	2769	184	1804	2730	5601	13764	6986	612	654	1320759	7610	516	24194	3789	249	42	240	20889	5796	1862
Sample_39	8819	80	49376	1797	4918	4483	1067	17603	21920	103	649	3280	1812	5700	1276	1916	1262	2100	1229	444	281	2832	44	723	3324	2151	2088	2314	5873	3818	1420	2345	2701	562	6320	42	4205	23774	1108	310	5168	3922	2219	2746	106282	447	1204	3296	520	39635	20670	2565	1808	206	1486	374242	1364	69898	1909	690	10505	57	10465	7134	17950	3877	19195	7053	560	7277	3628	2909	24491	326	13034	14502	679	50	1876	999	262	1807	6838	455	2666	2015	122	458	2879	1050	3949	11125	849	9361	9166	509	16436	51	9602	657	3810	1626	36474	42	6601	38605	661	14777	1006	15740	4277	5667	1408	4647	4057	22354	3726	184	5689	1180	3824	5930	6840	432	1721	6637	8565	1859	1089	335	58	1929	12691	24756	424	42	1342	1100	847	1228	268	5868	608	42	518664	1709	1677	137	2972	1435	2167	3153	2127	2828	1493	3579	7664	62631	77	4432	42	8604	3364	732	86897	1765	345	2785	221	936	5780	7277	1547	2671	94	3158	1284	1797	1415	914	8286	1957	17301	6773	2771	15154	1031	704	42738	2488	5632	6020	3237	390	2141	4367	5717	158700	434	3251	1959	61	42	333	140	12965	2470	42	2420	1796	18588	994	59	6474	562	7085	51	43	30568	2356	1414	75747	1736	550	2810	1057	180	12852	34829	3130	42	371	386	2226	43	47	527	42	171889	3000	3061	12258	987	1653	1831	1125	5537	42	1012	494	3305	7230	3846	3477	33350	5101	44	893	27192	2350	1143	3123	2293	244	3857	5396	961	485	749	377	5829	2944	13388	3440	47	67486	1103	2459	2485	12734	7477	56	339	2637	2725	2900	1301	183	11359	13659	11654	11777	16647	2961	49	1491	79525	15052	641831	4321	6019	4748	2111	2900	457	42	92644	116766	5367	6375	934	10828	1593	5138	3498	643620	1692	4801	107263	11014	9477	56	322	1659	60051	11203	17831	13824	10280	1467	10382	740	412	2473	7965	2817	3749	1168	7201	12095	2595	10878	148685	8480	966	15320	4086	1906	2098	1779	1425	61	7440	628	717	3863	42	14368	2269	18191	10567	13273	1067	14879	3895	2442	42	2523	1780	2027	1565	1422	12280	533	1955	241	1454	102703	1540	48856	75931	626	163095	55	4420	1552	3667	3449	19731	3924	365	4345	3521	4119	48	55199	1508	2005	993	3176	139	2502	1845	107492	42571	12597	5083	10842	3000	836	33437	19628	1099	43	1110	857	1211	294290	526	10325	1533	1299	24239	988	3532	42	17942	1298	439	70019	74851	9121	74481	3021	2161	129514	366	327	62494	4598	4230	6573	3922	301	6073	18757	1829	947	3266	31980	172	909	236	2572	7215	3362	772	3051	42485	237	272	4077	1873	2094	100	1211	4550	5043	2640	1611	28682	3163	5367	3621	1000	162	221	3674	4567	2966	160	1676	2076	5333	15894	7663	665	519	1049411	6510	461	19248	3240	339	45	245	21973	6517	1656