"id"	"strain"	"genotype"	"response"
4369	"A1b/189O"	"B25"	14.2549941944368
730981	"A1b/140N"	"B25"	24.438398812704
852222	"A1b/162W"	"C27"	10.7322304605917
471228	"A1b/118L"	"C27"	1.61107960514372
892353	"A1b/117D"	"B25"	14.3431442865186
185160	"A1b/123V"	"A8"	16.7464944845764
377438	"A1b/118L"	"C27"	9.80377711444031
676171	"A1b/117D"	"A8"	27.8538947901897
634731	"A1b/146I"	"C27"	13.9369426630224
264491	"A1b/178Q"	"A8"	9.73508027482974
869584	"A1b/117D"	"A8"	6.53520468668756
978565	"A1b/146I"	"C27"	12.4818273447183
212202	"A1b/118L"	"B25"	7.33649175575034
808509	"A1b/151C"	"A8"	19.2730557215476
281193	"A1b/164A"	"C27"	1.43576293345541
115881	"A1b/189O"	"A8"	11.7644544548929
90618	"A1b/118L"	"C27"	1.2032097838819
85704	"A1b/146I"	"C27"	8.16593993017013
102543	"A1b/117D"	"B25"	33.2317842690583
751304	"A1b/123V"	"B25"	17.0719665275861
832393	"A1b/186F"	"B25"	8.20632432645998
207868	"A1b/140N"	"B25"	14.8949277903988
266763	"A1b/117D"	"A8"	26.6244109653987
957159	"A1b/117D"	"A8"	18.2134564959753
464561	"A1b/164A"	"A8"	17.3841673345433
110604	"A1b/126J"	"C27"	11.1655999090739
42705	"A1b/117D"	"B25"	20.8608743234244
835384	"A1b/123V"	"B25"	18.7091876762231
385485	"A1b/140N"	"A8"	26.9430146574464
20265	"A1b/117D"	"C27"	8.39898809840952
688540	"A1b/117D"	"A8"	26.1245927787308
509980	"A1b/159G"	"A8"	28.8595494413639
26491	"A1b/126J"	"B25"	23.3657437039757
37134	"A1b/151C"	"B25"	28.6666216306112
855500	"A1b/126J"	"B25"	37.1284435654137
754104	"A1b/117D"	"C27"	5.82978980404679
269979	"A1b/123V"	"B25"	12.0953582285627
292528	"A1b/128T"	"B25"	23.9749684427206
30761	"A1b/167X"	"C27"	14.3218875418836
20455	"A1b/118L"	"A8"	21.175697989406
38885	"A1b/118L"	"C27"	22.125545531473
346793	"A1b/126J"	"B25"	30.1188993658734
204579	"A1b/126J"	"A8"	28.8320505369898
912816	"A1b/126J"	"C27"	9.03166986053867
385700	"A1b/117D"	"B25"	12.2788085963179
984385	"A1b/117D"	"B25"	21.330963131697
444621	"A1b/118L"	"A8"	14.7881920494243
370744	"A1b/128T"	"A8"	18.8202346630903
318545	"A1b/123V"	"B25"	19.4476716537009
502032	"A1b/118L"	"A8"	24.411292713379
383747	"A1b/127R"	"A8"	3.05131724318807
794324	"A1b/146I"	"B25"	26.4133790893316
307705	"A1b/128T"	"B25"	35.9410443988597
209563	"A1b/117D"	"C27"	6.23545885115904
316805	"A1b/118L"	"A8"	27.5078923001797
387585	"A1b/151C"	"A8"	19.5599039554577
937991	"A1b/117D"	"C27"	11.1670430534191
509700	"A1b/154U"	"B25"	9.89448846957119
470963	"A1b/117D"	"B25"	21.2748717154959
98721	"A1b/118L"	"C27"	18.0345392131984
800656	"A1b/162W"	"B25"	42.441827043164
657030	"A1b/167X"	"B25"	26.3083628014105
950300	"A1b/162W"	"B25"	55.7310386018153
290828	"A1b/128T"	"A8"	5.7172551863234
438440	"A1b/127R"	"B25"	17.0030456946282
199851	"A1b/117D"	"B25"	31.5795763680147
905280	"A1b/117D"	"C27"	16.8954649005779
386762	"A1b/123V"	"A8"	15.4415115241513
334604	"A1b/117D"	"A8"	22.1261126050875
93682	"A1b/178Q"	"C27"	11.5682422797885
442799	"A1b/117D"	"B25"	13.3106608927559
750754	"A1b/118L"	"B25"	28.3121950439469
726133	"A1b/117D"	"B25"	21.6254620179988
663190	"A1b/140N"	"A8"	16.2952649307042
530136	"A1b/123V"	"C27"	2.90738774279859
263011	"A1b/128T"	"B25"	8.86028461166392
115861	"A1b/167X"	"A8"	28.0725310216542
363044	"A1b/117D"	"A8"	24.6494300569206
700603	"A1b/117D"	"C27"	17.8268700895823
973113	"A1b/117D"	"B25"	28.3547024319682
13995	"A1b/117D"	"B25"	19.2741697985808
656486	"A1b/167X"	"A8"	24.2466154943411
87461	"A1b/123V"	"C27"	6.98606249607561
137217	"A1b/117D"	"C27"	16.7253263163397
365953	"A1b/123V"	"B25"	16.6527001863843
989087	"A1b/118L"	"B25"	19.853258390971
319387	"A1b/128T"	"A8"	30.2163017903703
464024	"A1b/128T"	"A8"	24.7682037047876
166218	"A1b/151C"	"B25"	15.1475536546494
920792	"A1b/117D"	"B25"	20.7322905438188
305627	"A1b/128T"	"C27"	17.0707809917853
744376	"A1b/140N"	"B25"	21.8495687027737
584190	"A1b/178Q"	"B25"	16.1687042595862
538879	"A1b/117D"	"C27"	2.69783169687762
695439	"A1b/164A"	"A8"	16.5346099646493
910669	"A1b/127R"	"C27"	1.57602031575516
54353	"A1b/117D"	"B25"	30.7331263092205
992777	"A1b/154U"	"A8"	9.9427226424813
257133	"A1b/189O"	"B25"	29.3330370476057
703577	"A1b/126J"	"A8"	26.6339571020765
923272	"A1b/117D"	"B25"	10.8841945996824
382506	"A1b/128T"	"C27"	15.6578635227402
611488	"A1b/123V"	"C27"	15.4888182878143
254567	"A1b/146I"	"A8"	7.56276435083906
470781	"A1b/146I"	"A8"	22.5744269289247
750339	"A1b/198P"	"B25"	20.2250293473389
259399	"A1b/127R"	"C27"	2.45835010154665
233524	"A1b/117D"	"B25"	22.66845572354
152603	"A1b/117D"	"A8"	23.8188935333507
352700	"A1b/159G"	"A8"	20.5220969062394
623403	"A1b/117D"	"B25"	32.4256087313243
736390	"A1b/117D"	"B25"	32.8676272712662
330272	"A1b/189O"	"B25"	10.7176117695047
847333	"A1b/118L"	"A8"	12.5291830473628
128564	"A1b/118L"	"B25"	22.0026080506152
390034	"A1b/117D"	"A8"	16.6922456041586
330808	"A1b/118L"	"C27"	2.9219915058635
335558	"A1b/140N"	"C27"	4.09705131640213
519052	"A1b/117D"	"A8"	13.6290804916265
773949	"A1b/117D"	"B25"	8.17668903421083
886495	"A1b/178Q"	"A8"	15.5809411793439
779482	"A1b/146I"	"C27"	18.7850984725255
784726	"A1b/126J"	"B25"	14.2474080843906
474466	"A1b/162W"	"B25"	29.896748719732
90079	"A1b/118L"	"A8"	20.146666169234
194288	"A1b/128T"	"B25"	26.4077013414205
791115	"A1b/140N"	"C27"	7.23235281032674
172122	"A1b/118L"	"B25"	15.7788717348811
120668	"A1b/117D"	"A8"	14.7824630057898
730963	"A1b/117D"	"A8"	6.89413873644136
933192	"A1b/117D"	"A8"	31.2434177695219
792938	"A1b/128T"	"B25"	24.9409432837289
529689	"A1b/127R"	"C27"	0.176341600716114
483447	"A1b/118L"	"C27"	14.4842749650985
244922	"A1b/198P"	"B25"	19.8981427646419
324778	"A1b/146I"	"C27"	0.74063128978014
125125	"A1b/117D"	"C27"	5.09757781643944
651068	"A1b/146I"	"B25"	10.9450214258199
338876	"A1b/151C"	"C27"	9.51333004672624
464884	"A1b/117D"	"C27"	24.6246167952989
897903	"A1b/164A"	"C27"	17.6251278555775
138544	"A1b/189O"	"C27"	6.96811188188907
670315	"A1b/117D"	"A8"	18.6761386240445
315821	"A1b/118L"	"C27"	21.6365641984857
949038	"A1b/117D"	"B25"	29.6447490621436
201884	"A1b/162W"	"A8"	17.2443792167133
962703	"A1b/127R"	"B25"	0.650713005103171
307267	"A1b/126J"	"C27"	25.2536806077586
499792	"A1b/118L"	"B25"	15.6524573621413
991393	"A1b/118L"	"C27"	14.0541714015583
833887	"A1b/117D"	"C27"	13.2411055180724
982476	"A1b/151C"	"B25"	20.2075065858911
392648	"A1b/140N"	"A8"	27.5198359791774
175077	"A1b/162W"	"C27"	19.0637067221573
39459	"A1b/118L"	"C27"	8.46939519782308
464868	"A1b/127R"	"A8"	7.92308952470308
960364	"A1b/126J"	"A8"	28.0707016795883
588259	"A1b/117D"	"C27"	14.1947005000627
138488	"A1b/118L"	"C27"	0.55947799840942
790343	"A1b/118L"	"A8"	14.0971886507279
302579	"A1b/146I"	"B25"	19.6949719262522
245208	"A1b/118L"	"A8"	16.2895014985257
790243	"A1b/117D"	"C27"	13.4972553191366
789000	"A1b/118L"	"C27"	16.9006657873241
778448	"A1b/123V"	"A8"	23.173262274281
160558	"A1b/126J"	"C27"	12.0704253198965
949402	"A1b/151C"	"B25"	26.3896523770656
2020	"A1b/127R"	"C27"	4.96147618587811
23517	"A1b/117D"	"A8"	17.2558787896614
720475	"A1b/118L"	"C27"	22.1547700469948
246906	"A1b/186F"	"B25"	19.1748165022109
908334	"A1b/164A"	"B25"	25.8699646034927
861926	"A1b/123V"	"B25"	26.512837647913
46182	"A1b/146I"	"C27"	7.74853209953589
743250	"A1b/127R"	"B25"	22.8585233483789
872478	"A1b/126J"	"B25"	26.0635166060298
524041	"A1b/118L"	"A8"	16.4086990303623
386220	"A1b/164A"	"A8"	19.5669584516314
981099	"A1b/128T"	"A8"	18.5670274064611
424920	"A1b/198P"	"B25"	17.9317473346862
200290	"A1b/154U"	"B25"	10.0516769512613
429613	"A1b/118L"	"A8"	28.3307543219745
28460	"A1b/117D"	"B25"	21.1618046466317
122444	"A1b/128T"	"B25"	29.1347326194945
397439	"A1b/118L"	"B25"	22.3443138399007
23825	"A1b/123V"	"B25"	14.6719512404607
154285	"A1b/164A"	"C27"	10.1058356123273
95331	"A1b/146I"	"A8"	19.6378390640184
411899	"A1b/117D"	"B25"	9.72204986936575
269998	"A1b/126J"	"A8"	23.169626423229
744071	"A1b/117D"	"B25"	18.3160474871423
305639	"A1b/151C"	"A8"	30.8093098571446
199613	"A1b/118L"	"A8"	5.19417869401591
169062	"A1b/181Y"	"A8"	35.582194974601
388893	"A1b/117D"	"C27"	13.0603651847442
641758	"A1b/117D"	"B25"	21.7765328002073
969585	"A1b/123V"	"B25"	22.3404774526435
737776	"A1b/140N"	"A8"	19.8776954921225
519668	"A1b/140N"	"C27"	13.2350368972635
210090	"A1b/117D"	"B25"	39.8266097607692
634944	"A1b/117D"	"B25"	30.1818702359213
34207	"A1b/123V"	"B25"	30.1659820372005
499120	"A1b/117D"	"A8"	33.3220518104856
225747	"A1b/118L"	"B25"	27.1866034631683
234614	"A1b/164A"	"C27"	12.2226054762242
296375	"A1b/146I"	"B25"	17.6303414091004
746296	"A1b/128T"	"A8"	36.5991463929747
881216	"A1b/178Q"	"C27"	14.762091704714
334464	"A1b/162W"	"A8"	25.2642678571169
88201	"A1b/117D"	"B25"	18.7286453533554
67944	"A1b/118L"	"B25"	27.2253615220006
392225	"A1b/164A"	"A8"	18.9493037142738
318624	"A1b/162W"	"B25"	48.214680815246
443669	"A1b/118L"	"B25"	28.7367329102853
337188	"A1b/198P"	"B25"	15.7647442410081
22064	"A1b/178Q"	"C27"	3.48352767035682
15801	"A1b/127R"	"A8"	4.35139444697912
468072	"A1b/117D"	"C27"	13.5572486689709
891771	"A1b/117D"	"C27"	12.3902909227063
709167	"A1b/196K"	"B25"	22.8989857996029
474318	"A1b/118L"	"B25"	26.3444011869086
901537	"A1b/118L"	"B25"	10.1450869039455
422199	"A1b/128T"	"A8"	16.716144169076
893116	"A1b/117D"	"A8"	17.8712712999419
239778	"A1b/123V"	"C27"	8.03605988057836
580654	"A1b/159G"	"C27"	16.8394407071315
244188	"A1b/127R"	"B25"	22.6275477914321
440287	"A1b/164A"	"C27"	18.4236431080596
622724	"A1b/126J"	"C27"	10.112018122111
659898	"A1b/128T"	"C27"	13.6037364817674
975721	"A1b/140N"	"C27"	23.6769744660953
406180	"A1b/118L"	"C27"	8.56267539892679
473151	"A1b/159G"	"C27"	1.470641000662
805536	"A1b/186F"	"A8"	25.2454827741137
212815	"A1b/117D"	"C27"	8.96222821256585
787362	"A1b/167X"	"B25"	23.7975801144036
930266	"A1b/118L"	"B25"	16.5441935516627
411308	"A1b/117D"	"B25"	27.7231642862525
792823	"A1b/117D"	"A8"	34.5951673324859
445866	"A1b/128T"	"A8"	17.2292453193295
964498	"A1b/127R"	"B25"	14.9804700934136
386516	"A1b/154U"	"A8"	14.8040308850018
951498	"A1b/146I"	"A8"	17.066459660082
568848	"A1b/128T"	"A8"	37.2302626233559
670009	"A1b/117D"	"A8"	15.2735105953562
996231	"A1b/127R"	"B25"	14.1325839896213
860606	"A1b/151C"	"A8"	12.2618486944379
139152	"A1b/117D"	"C27"	15.6317941191497
635490	"A1b/154U"	"A8"	10.4076195622645
427800	"A1b/164A"	"C27"	14.4424313320055
273509	"A1b/117D"	"C27"	9.05033241177932
311582	"A1b/154U"	"A8"	27.0052345045395
110883	"A1b/117D"	"A8"	25.4363842201485
115361	"A1b/181Y"	"B25"	10.4105175479825
398648	"A1b/154U"	"B25"	17.0577884908353
668890	"A1b/151C"	"B25"	24.5176546137904
717878	"A1b/146I"	"C27"	13.3651481410915
81498	"A1b/117D"	"C27"	10.2583285139567
558462	"A1b/162W"	"C27"	13.9658358609477
571954	"A1b/178Q"	"A8"	11.2613608612972
561933	"A1b/118L"	"B25"	33.2347749302677
316920	"A1b/140N"	"C27"	15.7334036078456
538292	"A1b/118L"	"B25"	25.2587959309444
126126	"A1b/118L"	"B25"	22.8222303574862
264535	"A1b/117D"	"C27"	0.504797707311809
427414	"A1b/118L"	"B25"	38.3967246419073
678980	"A1b/128T"	"A8"	26.3252086627267
321358	"A1b/117D"	"B25"	23.9740025103553
893734	"A1b/117D"	"B25"	2.58426973416155
393282	"A1b/123V"	"A8"	18.5342011904836
317332	"A1b/117D"	"B25"	18.4593893982112
963902	"A1b/127R"	"A8"	1.32719480572268
514462	"A1b/118L"	"B25"	34.5148108267612
389532	"A1b/123V"	"B25"	14.9523813112286
194394	"A1b/164A"	"C27"	1.983096331029
539245	"A1b/162W"	"B25"	53.1965296175098
844133	"A1b/117D"	"C27"	21.3714498494805
838109	"A1b/118L"	"C27"	8.40610891809819
321050	"A1b/128T"	"A8"	24.4389527227995
347416	"A1b/118L"	"A8"	18.901025198915
611737	"A1b/151C"	"B25"	34.1391464417962
696631	"A1b/181Y"	"C27"	18.6464303263482
87146	"A1b/127R"	"C27"	1.16034838324413
325487	"A1b/117D"	"B25"	36.4531000664906
328253	"A1b/159G"	"C27"	13.5247250530636
150932	"A1b/154U"	"B25"	19.3976108461259
286860	"A1b/126J"	"A8"	25.0277317271763
381905	"A1b/162W"	"C27"	4.42946531822977
160066	"A1b/117D"	"C27"	8.51703320840546
617760	"A1b/162W"	"A8"	21.5068639267684
30523	"A1b/117D"	"A8"	10.4253314133006
423308	"A1b/117D"	"B25"	23.8841369813011
425476	"A1b/117D"	"A8"	38.8129022188727
57918	"A1b/159G"	"B25"	25.1797583383524
795857	"A1b/151C"	"B25"	23.3634423439921
354840	"A1b/118L"	"A8"	25.3087994430496
927879	"A1b/117D"	"B25"	26.9532223442826
340103	"A1b/198P"	"A8"	13.0348166381926
829351	"A1b/198P"	"C27"	4.80830991289195
68745	"A1b/189O"	"B25"	26.1510422349855
180296	"A1b/118L"	"B25"	23.3291010958078
785497	"A1b/159G"	"B25"	21.0211724519293
291239	"A1b/181Y"	"B25"	15.2959938925488
743794	"A1b/118L"	"B25"	23.1634017242121
238388	"A1b/126J"	"C27"	17.8830171444925
631788	"A1b/159G"	"B25"	23.1759315704169
291874	"A1b/117D"	"A8"	10.4572643614767
441144	"A1b/167X"	"A8"	23.7315950530571
652375	"A1b/196K"	"C27"	20.2002435038952
148040	"A1b/126J"	"C27"	17.3599307404018
210184	"A1b/162W"	"A8"	15.9439383209414
351476	"A1b/198P"	"B25"	19.1961383719202
906142	"A1b/118L"	"B25"	20.9861531158806
602273	"A1b/117D"	"C27"	17.47368725684
109086	"A1b/128T"	"C27"	13.8102936156983
121717	"A1b/123V"	"B25"	15.7943959682699
438158	"A1b/127R"	"C27"	3.36903795344725
147095	"A1b/117D"	"B25"	19.337535306776
867061	"A1b/151C"	"C27"	9.54567506097058
365656	"A1b/117D"	"A8"	21.5724667912992
867760	"A1b/196K"	"A8"	19.32885067978
124548	"A1b/117D"	"C27"	8.01356373424414
642431	"A1b/178Q"	"C27"	6.60913734605527
98910	"A1b/127R"	"B25"	11.9314025242369
928538	"A1b/159G"	"B25"	23.4170012439796
763937	"A1b/117D"	"A8"	21.3484201768323
713159	"A1b/118L"	"A8"	16.2556534009781
60164	"A1b/159G"	"C27"	7.08807752092273
39736	"A1b/126J"	"C27"	12.2467822176198
597797	"A1b/118L"	"C27"	12.8996413641522
454106	"A1b/126J"	"C27"	23.2403444362098
228890	"A1b/128T"	"A8"	27.6021384114596
511585	"A1b/123V"	"C27"	23.9161658481477
682501	"A1b/118L"	"A8"	16.4943972682692
583708	"A1b/154U"	"C27"	7.70070823187622
119487	"A1b/127R"	"C27"	0.855793612087327
654899	"A1b/123V"	"B25"	24.857290986071
476591	"A1b/123V"	"A8"	28.1234882191783
239034	"A1b/117D"	"A8"	14.0562863334955
57715	"A1b/118L"	"A8"	30.9931557394945
64111	"A1b/140N"	"B25"	24.6951083458208
279894	"A1b/117D"	"C27"	12.9416483580563
411818	"A1b/117D"	"C27"	16.1881401641158
690189	"A1b/128T"	"C27"	19.9204421787165
83312	"A1b/123V"	"A8"	16.7132052455191
818058	"A1b/117D"	"C27"	4.8479161133034
154629	"A1b/126J"	"B25"	32.0164254393163
612231	"A1b/117D"	"B25"	23.0879300691618
710989	"A1b/118L"	"B25"	27.0671569837199
956042	"A1b/140N"	"A8"	10.9918633945674
924849	"A1b/118L"	"B25"	24.0448319409278
765702	"A1b/186F"	"B25"	22.0853401132457
571312	"A1b/123V"	"A8"	16.0374899640032
507890	"A1b/117D"	"A8"	24.4110441106343
105493	"A1b/128T"	"A8"	20.1777128324541
490841	"A1b/167X"	"C27"	8.57534391197868
312169	"A1b/127R"	"C27"	1.83977475436868
771980	"A1b/189O"	"C27"	1.00023352866992
922768	"A1b/117D"	"A8"	24.6844524283555
526957	"A1b/117D"	"B25"	20.8800834518791
606205	"A1b/159G"	"B25"	18.2346786883577
60786	"A1b/127R"	"A8"	4.68403393163506
322408	"A1b/118L"	"A8"	19.1162974855345
645437	"A1b/127R"	"C27"	0.117317644879222
806643	"A1b/128T"	"A8"	6.72845153341959
933005	"A1b/118L"	"B25"	28.9530843450977
290786	"A1b/189O"	"A8"	19.8485772114538
33223	"A1b/154U"	"C27"	5.62761256469975
529429	"A1b/117D"	"A8"	17.1420957339895
914540	"A1b/128T"	"B25"	31.625830726982
705782	"A1b/151C"	"B25"	26.8341472645777
726787	"A1b/146I"	"A8"	28.8101045099896
846717	"A1b/189O"	"C27"	11.3070192660305
250805	"A1b/128T"	"C27"	2.59026971205845
627886	"A1b/118L"	"A8"	15.5234042121729
825968	"A1b/196K"	"B25"	19.800771912167
830287	"A1b/117D"	"A8"	13.9384055492605
872788	"A1b/118L"	"C27"	19.9022951971633
846140	"A1b/167X"	"B25"	32.6999420199338
487835	"A1b/126J"	"B25"	30.4480909006626
37421	"A1b/118L"	"B25"	16.3661334835637
943533	"A1b/117D"	"C27"	6.0845469649835
749505	"A1b/140N"	"B25"	25.4087756713372
308300	"A1b/196K"	"C27"	26.1144103928489
400912	"A1b/117D"	"B25"	17.998534820281
933154	"A1b/126J"	"C27"	7.54019383261515
566716	"A1b/118L"	"C27"	11.0010641826657
403183	"A1b/178Q"	"B25"	15.8926889212724
449419	"A1b/117D"	"C27"	1.79482253361493
122750	"A1b/140N"	"A8"	29.4410882355366
942909	"A1b/146I"	"A8"	19.7963695678282
115894	"A1b/118L"	"B25"	24.8008815264881
277086	"A1b/117D"	"B25"	24.1954257270939
711916	"A1b/117D"	"A8"	8.87501992584523
91655	"A1b/128T"	"B25"	37.875058131227
761687	"A1b/126J"	"C27"	7.33902170769449
610360	"A1b/167X"	"C27"	18.2289200102129
136250	"A1b/118L"	"C27"	3.13643824281345
612817	"A1b/127R"	"C27"	0.45198754966259
503969	"A1b/117D"	"A8"	18.2387331783181
231931	"A1b/117D"	"A8"	8.4900688147464
333511	"A1b/117D"	"A8"	30.3858033523263
845542	"A1b/159G"	"C27"	11.1545239624698
132229	"A1b/126J"	"C27"	18.8326082096766
796783	"A1b/123V"	"B25"	13.172473397687
974134	"A1b/198P"	"B25"	18.5984802334816
775319	"A1b/118L"	"B25"	24.984798743474
689625	"A1b/117D"	"C27"	8.88497767141184
347044	"A1b/118L"	"B25"	14.0339467782243
952626	"A1b/126J"	"C27"	22.5530984886785
205209	"A1b/118L"	"C27"	1.35414311582517
918141	"A1b/117D"	"C27"	2.84593257475169
536543	"A1b/151C"	"B25"	16.5991666749889
612292	"A1b/159G"	"A8"	17.9382078308943
872518	"A1b/151C"	"A8"	24.8115699144825
293473	"A1b/126J"	"A8"	22.744486543786
697878	"A1b/123V"	"C27"	5.82326468379303
436165	"A1b/128T"	"C27"	19.9682799675867
672061	"A1b/162W"	"B25"	22.0882506924618
442323	"A1b/117D"	"C27"	15.3068253710333
203143	"A1b/118L"	"C27"	12.2635397071527
927698	"A1b/126J"	"C27"	17.8605575423228
16174	"A1b/117D"	"A8"	9.21878073321654
370364	"A1b/128T"	"C27"	17.8073784524475
707363	"A1b/123V"	"B25"	30.9957803114181
152478	"A1b/186F"	"B25"	9.98370884574356
501144	"A1b/123V"	"C27"	12.7405485339377
725542	"A1b/126J"	"C27"	17.2680802953204
982074	"A1b/146I"	"A8"	19.1676953037757
768009	"A1b/117D"	"B25"	15.4697403901168
188132	"A1b/126J"	"A8"	29.1245551781682
533263	"A1b/189O"	"A8"	15.0898323788859
380950	"A1b/123V"	"B25"	15.0749721689862
652640	"A1b/117D"	"A8"	25.6299291571418
633537	"A1b/159G"	"C27"	16.5722817947014
22767	"A1b/117D"	"C27"	1.65020750602707
707630	"A1b/151C"	"C27"	10.6538397084777
381327	"A1b/117D"	"A8"	22.8649089434972
298651	"A1b/126J"	"A8"	22.5494903310234
154021	"A1b/118L"	"C27"	18.4006720116582
766526	"A1b/117D"	"A8"	21.3382281213325
461836	"A1b/117D"	"C27"	24.3666191237445
235196	"A1b/118L"	"C27"	9.39930130983879
463725	"A1b/126J"	"A8"	27.2094841823767
636489	"A1b/117D"	"A8"	19.1055109823986
887772	"A1b/126J"	"B25"	22.8025577296233
952620	"A1b/118L"	"C27"	8.40895525051085
802813	"A1b/118L"	"B25"	19.3942232916725
7734	"A1b/118L"	"C27"	19.1137234730439
17661	"A1b/126J"	"A8"	23.1335750613419
366553	"A1b/118L"	"B25"	38.3925170611407
2013	"A1b/117D"	"C27"	10.9296221056262
591757	"A1b/117D"	"A8"	18.6575593826534
429074	"A1b/117D"	"C27"	18.6625331403402
323536	"A1b/186F"	"C27"	14.2532672276946
368608	"A1b/140N"	"C27"	9.41828446323418
349133	"A1b/146I"	"B25"	24.7788129647478
110058	"A1b/117D"	"A8"	14.2204576301967
650768	"A1b/118L"	"A8"	22.5657298499115
420898	"A1b/181Y"	"C27"	11.880508027647
721625	"A1b/117D"	"B25"	29.5901472130947
291368	"A1b/164A"	"B25"	33.6339861613531
56233	"A1b/162W"	"B25"	37.1664215358741
168858	"A1b/128T"	"B25"	19.2121460971376
375139	"A1b/117D"	"C27"	13.519141239622
242826	"A1b/117D"	"A8"	25.3715359234586
160394	"A1b/126J"	"B25"	23.6239884622879
677614	"A1b/123V"	"A8"	27.032341384721
395099	"A1b/164A"	"B25"	20.0875301359687
966573	"A1b/123V"	"B25"	23.2992889228425
282619	"A1b/128T"	"C27"	33.2955287380365
478418	"A1b/117D"	"A8"	0.937774966005236
828027	"A1b/118L"	"B25"	26.4339832134004
159695	"A1b/126J"	"C27"	9.48099836918062
866534	"A1b/128T"	"A8"	27.4197528286394
130156	"A1b/117D"	"B25"	21.9020301702709
998605	"A1b/117D"	"C27"	12.9313247647639
290809	"A1b/118L"	"C27"	4.47867758223392
710077	"A1b/181Y"	"A8"	11.7152966848019
119168	"A1b/189O"	"A8"	23.9626008347295
97350	"A1b/117D"	"C27"	22.1206670543971
299222	"A1b/117D"	"A8"	14.6900163131308
765245	"A1b/126J"	"B25"	23.8071975540637
476561	"A1b/118L"	"A8"	1.73961453558877
914267	"A1b/117D"	"A8"	24.4947710235456
707617	"A1b/123V"	"C27"	13.0355737459258
976515	"A1b/118L"	"C27"	1.8523408317522
209825	"A1b/186F"	"A8"	14.22170376076
924620	"A1b/151C"	"C27"	5.33433253791435
54494	"A1b/159G"	"A8"	28.3838420774699
619373	"A1b/123V"	"A8"	13.1072798175869
125596	"A1b/118L"	"C27"	7.55551011607358
344905	"A1b/117D"	"B25"	27.2761216760493
730627	"A1b/117D"	"A8"	13.5310861136709
317269	"A1b/164A"	"C27"	1.33772312896326
849974	"A1b/117D"	"C27"	11.3250416605136
423617	"A1b/118L"	"C27"	21.5169234605585
128440	"A1b/117D"	"C27"	6.4845058780511
736310	"A1b/117D"	"B25"	24.7496629909636
95200	"A1b/118L"	"A8"	13.4161846575026
339167	"A1b/189O"	"A8"	12.835801245173
761673	"A1b/178Q"	"A8"	26.5043284984819
288884	"A1b/117D"	"B25"	15.8320308205211
249638	"A1b/117D"	"A8"	24.3284526290792
572854	"A1b/117D"	"C27"	17.9085550406556
688852	"A1b/117D"	"B25"	12.864823268342
817084	"A1b/126J"	"A8"	18.0403767339643
629538	"A1b/126J"	"C27"	6.80516130465381
605075	"A1b/162W"	"C27"	24.3915053738905
967569	"A1b/167X"	"C27"	9.9706627137533
676799	"A1b/118L"	"C27"	3.56872079601808
616644	"A1b/117D"	"B25"	17.5527063152169
379996	"A1b/117D"	"C27"	14.133561437695
191525	"A1b/140N"	"A8"	9.31297223342855
556441	"A1b/118L"	"B25"	19.1824270313519
888460	"A1b/140N"	"A8"	21.8762526377825
830505	"A1b/117D"	"B25"	1.22532590758055
707820	"A1b/117D"	"C27"	14.5798665757544
212122	"A1b/118L"	"A8"	26.4388676464031
827347	"A1b/117D"	"B25"	37.0719468398972
12060	"A1b/118L"	"B25"	32.698413084523
149462	"A1b/126J"	"B25"	21.4473064715706
569640	"A1b/118L"	"B25"	12.3562409551239
559226	"A1b/162W"	"A8"	17.2138062724395
791653	"A1b/117D"	"A8"	23.3755703213236
323155	"A1b/117D"	"B25"	22.0698026910316
176609	"A1b/140N"	"A8"	18.8762356308502
881284	"A1b/186F"	"A8"	13.7319238618808
754832	"A1b/127R"	"C27"	1.08500592596829
533624	"A1b/118L"	"A8"	18.0647431229882
223557	"A1b/123V"	"A8"	24.7465088083601
135654	"A1b/118L"	"C27"	7.02920655616686
795000	"A1b/127R"	"B25"	10.828889095471
290005	"A1b/117D"	"B25"	27.7457477190528
656700	"A1b/146I"	"A8"	14.4601528824304
798810	"A1b/128T"	"C27"	16.5856898973772
222260	"A1b/118L"	"C27"	11.6220093262322
211343	"A1b/127R"	"A8"	8.10342235781776
56102	"A1b/123V"	"B25"	10.4584699617183
905079	"A1b/117D"	"A8"	3.33029809097744
843158	"A1b/146I"	"C27"	8.51611683901005
469253	"A1b/123V"	"C27"	20.2513526221667
713534	"A1b/117D"	"C27"	16.7344576611642
223553	"A1b/118L"	"B25"	19.0992916148645
861380	"A1b/126J"	"C27"	22.6747227975312
115558	"A1b/118L"	"C27"	5.18038358172947
226449	"A1b/123V"	"B25"	20.3202331169975
186932	"A1b/151C"	"C27"	17.8766298531422
761378	"A1b/126J"	"A8"	25.3981468542984
365873	"A1b/117D"	"A8"	25.1090535717096
992802	"A1b/151C"	"A8"	13.0555304084705
359785	"A1b/118L"	"C27"	10.0684071401565
651508	"A1b/126J"	"A8"	25.0866624774391
190844	"A1b/181Y"	"B25"	19.5960317001883
958100	"A1b/164A"	"C27"	4.28326215568796
506845	"A1b/154U"	"A8"	12.2651984624552
32726	"A1b/186F"	"C27"	24.7115184532263
955503	"A1b/146I"	"C27"	9.51227485052392
48517	"A1b/117D"	"A8"	14.3613940477425
990678	"A1b/117D"	"B25"	34.2309698047213
669645	"A1b/140N"	"A8"	27.4276082430731
276758	"A1b/117D"	"A8"	26.2817128535286
42676	"A1b/146I"	"B25"	16.9797845997046
802599	"A1b/117D"	"B25"	30.2541721457304
865158	"A1b/154U"	"C27"	6.06139221751295
556959	"A1b/159G"	"A8"	8.50413804619246
938095	"A1b/123V"	"A8"	20.0420455734448
873507	"A1b/117D"	"A8"	26.7540535383679
747156	"A1b/126J"	"A8"	29.3010085337508
955705	"A1b/118L"	"B25"	16.0881027258228
443074	"A1b/117D"	"B25"	26.3242642916306
737215	"A1b/126J"	"A8"	29.4533549319629
398950	"A1b/127R"	"B25"	11.1647765913013
291397	"A1b/118L"	"C27"	11.3230305122598
973107	"A1b/189O"	"C27"	15.8654752151509
894552	"A1b/181Y"	"A8"	18.0718688755768
631389	"A1b/117D"	"C27"	10.8532528650715
619515	"A1b/117D"	"B25"	16.1459480334593
70292	"A1b/118L"	"A8"	15.7018841668346
214183	"A1b/118L"	"B25"	30.9328955616321
276763	"A1b/146I"	"C27"	11.7398419088411
690514	"A1b/117D"	"C27"	11.8956082126972
933823	"A1b/126J"	"B25"	32.0645442042896
944648	"A1b/154U"	"B25"	27.1518708725078
76785	"A1b/154U"	"B25"	14.8501512924976
962351	"A1b/117D"	"A8"	18.5651546086111
677766	"A1b/118L"	"A8"	24.4524215069724
830635	"A1b/117D"	"B25"	11.0838149038438
262186	"A1b/118L"	"C27"	21.6266474662283
168754	"A1b/126J"	"B25"	27.0399987267592
307009	"A1b/126J"	"B25"	11.2547454020049
910713	"A1b/117D"	"A8"	14.160628914355
90936	"A1b/181Y"	"C27"	18.366685364469
560231	"A1b/123V"	"A8"	15.6377701890314
886536	"A1b/123V"	"B25"	25.1724898130068
635283	"A1b/162W"	"A8"	5.38388221534802
151634	"A1b/127R"	"C27"	0.278898012824357
920410	"A1b/117D"	"A8"	24.5045303765518
935987	"A1b/181Y"	"C27"	11.1739333330647
135220	"A1b/117D"	"B25"	19.2981717628549
120104	"A1b/127R"	"C27"	0.307850196026266
344440	"A1b/117D"	"C27"	20.6558067472432
703606	"A1b/118L"	"A8"	15.2052791346227
255351	"A1b/126J"	"C27"	12.4906167814701
593427	"A1b/117D"	"B25"	24.4485246363342
367497	"A1b/123V"	"B25"	19.0203514055298
821889	"A1b/117D"	"C27"	0.663668273482472
350038	"A1b/126J"	"C27"	19.871949831657
201285	"A1b/164A"	"C27"	18.7709818330355
766313	"A1b/117D"	"B25"	29.6869702816423
780987	"A1b/167X"	"A8"	26.8140569969821
683613	"A1b/118L"	"B25"	22.0034712123531
744964	"A1b/118L"	"C27"	14.2871585699746
291562	"A1b/123V"	"A8"	23.916829779384
904050	"A1b/117D"	"B25"	37.242147856314
668747	"A1b/118L"	"A8"	21.9957626456438
347102	"A1b/126J"	"A8"	24.8282801649202
695677	"A1b/117D"	"C27"	14.542323909996
787891	"A1b/123V"	"A8"	31.5993373680772
896106	"A1b/164A"	"B25"	24.632396692707
239984	"A1b/126J"	"A8"	19.1346777808855
399106	"A1b/164A"	"C27"	4.99094671659447
975887	"A1b/118L"	"B25"	19.2575838497292
696143	"A1b/118L"	"A8"	8.49417640157162
610585	"A1b/117D"	"B25"	19.9118563148884
337666	"A1b/117D"	"B25"	20.2580035019268
936659	"A1b/118L"	"B25"	29.1758403942094
352983	"A1b/167X"	"C27"	17.9158160331082
575973	"A1b/117D"	"B25"	12.0920884454125
739559	"A1b/117D"	"B25"	21.699421431886
603251	"A1b/126J"	"C27"	14.6012216272743
870282	"A1b/126J"	"B25"	17.2487537237097
288179	"A1b/118L"	"B25"	30.9611177609695
313274	"A1b/128T"	"A8"	26.0200748700208
921795	"A1b/127R"	"A8"	12.7414748868272
137000	"A1b/151C"	"C27"	1.54193572658969
475444	"A1b/127R"	"B25"	16.4446974030069
84804	"A1b/117D"	"C27"	5.1765456214278
657674	"A1b/118L"	"B25"	17.5143770945782
499256	"A1b/118L"	"C27"	7.11459484600913
669697	"A1b/117D"	"C27"	4.15881681688073
923204	"A1b/198P"	"C27"	13.2049684731179
192949	"A1b/123V"	"C27"	7.500025218331
112642	"A1b/151C"	"B25"	27.6469471308666
232738	"A1b/178Q"	"A8"	16.5545618749794
412431	"A1b/117D"	"A8"	17.1565772196875
29758	"A1b/196K"	"C27"	11.9367980274955
777684	"A1b/146I"	"B25"	19.9503003672043
81693	"A1b/117D"	"C27"	15.9356793723642
207107	"A1b/128T"	"B25"	22.1058674262548
381062	"A1b/117D"	"A8"	31.5328588670207
124190	"A1b/127R"	"A8"	5.16188199503341
365999	"A1b/181Y"	"A8"	16.8444249076028
704786	"A1b/127R"	"C27"	1.85348580498248
712158	"A1b/123V"	"A8"	27.609445961825
768123	"A1b/117D"	"A8"	19.2329463919613
625820	"A1b/128T"	"C27"	4.53514131897426
255399	"A1b/128T"	"B25"	17.9765616815205
413302	"A1b/140N"	"A8"	31.1231698709684
844536	"A1b/123V"	"C27"	7.09498464180136
371715	"A1b/154U"	"C27"	19.8601796188927
88315	"A1b/140N"	"A8"	9.89365637750903
154435	"A1b/181Y"	"C27"	1.13403874682263
572008	"A1b/118L"	"A8"	17.1952673056669
443778	"A1b/123V"	"A8"	16.1298070811898
995018	"A1b/186F"	"B25"	11.7122502634149
237004	"A1b/117D"	"C27"	2.06369784927295
876468	"A1b/123V"	"C27"	9.05238225780863
387672	"A1b/118L"	"A8"	12.2976607606213
651475	"A1b/167X"	"C27"	26.5585399495549
250134	"A1b/123V"	"A8"	14.5651905717173
323338	"A1b/127R"	"C27"	1.09594722790644
109700	"A1b/126J"	"C27"	7.86985971556004
202343	"A1b/118L"	"A8"	19.238948003204
582848	"A1b/117D"	"A8"	17.0103768261996
751570	"A1b/117D"	"A8"	17.0384698435384
474199	"A1b/127R"	"C27"	9.76748577136959
392043	"A1b/127R"	"A8"	19.0559639364968
611359	"A1b/159G"	"A8"	15.2203405025757
185459	"A1b/146I"	"C27"	12.6094719347096
109497	"A1b/164A"	"C27"	22.5573512570865
409711	"A1b/117D"	"B25"	20.6330982067132
934732	"A1b/159G"	"C27"	4.05063278344638
89049	"A1b/117D"	"B25"	19.8190955520518
528980	"A1b/198P"	"A8"	10.6679186557216
183045	"A1b/198P"	"C27"	17.9086402654085
430269	"A1b/189O"	"A8"	17.296273799153
382362	"A1b/198P"	"C27"	12.5991863801258
936607	"A1b/118L"	"B25"	32.4428650268603
959495	"A1b/196K"	"A8"	22.6545465707007
598113	"A1b/118L"	"A8"	24.4184188624274
584310	"A1b/164A"	"B25"	12.2818454307682
324650	"A1b/123V"	"B25"	15.0477766733774
966172	"A1b/154U"	"B25"	27.4294886677947
417810	"A1b/127R"	"C27"	1.17144591640681
44681	"A1b/126J"	"C27"	6.74325219178586
234857	"A1b/118L"	"A8"	12.8268805462473
546078	"A1b/118L"	"C27"	14.0368910258971
805975	"A1b/118L"	"B25"	14.1179526323059
472370	"A1b/140N"	"B25"	15.4960543878605
712197	"A1b/126J"	"C27"	24.34970468592
591884	"A1b/164A"	"A8"	22.0928248098908
217355	"A1b/154U"	"B25"	17.3393608612528
114059	"A1b/118L"	"C27"	19.460999983847
965829	"A1b/164A"	"A8"	42.0391045946422
350504	"A1b/123V"	"A8"	13.0582946816556
838826	"A1b/128T"	"C27"	31.8774728115416
287693	"A1b/127R"	"B25"	7.11506896729751
120935	"A1b/117D"	"C27"	6.53796035193916
453346	"A1b/126J"	"A8"	20.4350907500674
429690	"A1b/128T"	"B25"	17.9170825380979
878227	"A1b/186F"	"C27"	6.83000954508191
196325	"A1b/162W"	"A8"	24.7526183248087
188825	"A1b/198P"	"C27"	17.1110478785449
890183	"A1b/154U"	"C27"	13.321514678918
922928	"A1b/162W"	"C27"	20.0027944178873
200440	"A1b/118L"	"C27"	5.53873314218294
670900	"A1b/118L"	"C27"	12.1420669675048
695412	"A1b/186F"	"C27"	15.0115183987453
806449	"A1b/117D"	"B25"	22.087354861306
33800	"A1b/154U"	"A8"	13.1381098119023
407920	"A1b/118L"	"A8"	21.1649738748461
191889	"A1b/128T"	"A8"	13.463653808997
616764	"A1b/117D"	"C27"	1.03413002798334
859419	"A1b/117D"	"A8"	20.4375330700852
249837	"A1b/117D"	"A8"	32.1713995269633
302140	"A1b/117D"	"C27"	7.34938636984304
76966	"A1b/128T"	"A8"	18.7684212214405
819284	"A1b/117D"	"C27"	1.4979960382916
40021	"A1b/126J"	"C27"	11.087293799428
163623	"A1b/117D"	"B25"	24.0047421080354
220102	"A1b/162W"	"C27"	20.1524672560701
768832	"A1b/117D"	"B25"	14.6190360048729
763253	"A1b/123V"	"A8"	20.1030862613841
320725	"A1b/117D"	"A8"	37.3551667959331
694308	"A1b/117D"	"A8"	25.9913534636638
687148	"A1b/178Q"	"A8"	12.4909754220534
218548	"A1b/123V"	"B25"	21.3106775647303
855593	"A1b/118L"	"B25"	8.43235733032988
168711	"A1b/117D"	"C27"	6.76148642336818
430868	"A1b/196K"	"A8"	45.5692390403623
864077	"A1b/196K"	"B25"	40.7794459243328
864051	"A1b/123V"	"A8"	30.6578391842874
13037	"A1b/118L"	"B25"	23.7894190977392
288526	"A1b/159G"	"B25"	25.9003508126217
813181	"A1b/117D"	"B25"	17.1172198312304
6399	"A1b/123V"	"A8"	24.3295889215663
170359	"A1b/117D"	"C27"	1.99048394197598
369282	"A1b/117D"	"A8"	15.8678684670729
647580	"A1b/117D"	"B25"	20.2436850197215
296465	"A1b/140N"	"B25"	26.8362197579853
72817	"A1b/186F"	"C27"	4.05050493526531
944023	"A1b/162W"	"B25"	31.678213629985
855748	"A1b/159G"	"A8"	25.7178799950274
874178	"A1b/118L"	"A8"	11.793475591449
887949	"A1b/128T"	"C27"	10.009570518687
875207	"A1b/181Y"	"B25"	14.6166972898179
467566	"A1b/140N"	"A8"	16.5369469028975
273028	"A1b/178Q"	"B25"	16.2485873596418
285509	"A1b/117D"	"A8"	30.722716851474
643239	"A1b/117D"	"C27"	4.29948409948514
770830	"A1b/118L"	"A8"	23.4868825935943
111135	"A1b/167X"	"A8"	32.804083880611
938952	"A1b/117D"	"C27"	10.955665616611
149793	"A1b/117D"	"A8"	19.0030708437308
251143	"A1b/118L"	"B25"	2.97278039295721
421313	"A1b/140N"	"A8"	24.8016187107155
9835	"A1b/117D"	"C27"	5.15779491578832
969725	"A1b/118L"	"B25"	27.0852767516565
815580	"A1b/146I"	"C27"	12.2232991677083
85256	"A1b/117D"	"C27"	3.73902144780109
137528	"A1b/140N"	"C27"	7.1925385426302
397153	"A1b/198P"	"B25"	25.6899444335297
501290	"A1b/117D"	"A8"	18.39152830657
256565	"A1b/117D"	"C27"	1.68119522454792
458501	"A1b/118L"	"B25"	19.2737771029586
756213	"A1b/117D"	"B25"	41.588939651957
152144	"A1b/127R"	"C27"	2.22469698370378
149978	"A1b/198P"	"C27"	11.4474189375176
890557	"A1b/117D"	"B25"	10.4169268420302
9110	"A1b/117D"	"C27"	25.1939102868722
907213	"A1b/123V"	"A8"	16.6839543493593
585412	"A1b/117D"	"C27"	15.1475579648177
955433	"A1b/117D"	"A8"	22.9442285975772
437081	"A1b/117D"	"C27"	11.0184173735203
996315	"A1b/117D"	"C27"	7.09214610265859
657052	"A1b/146I"	"A8"	10.4085148779583
744296	"A1b/126J"	"C27"	11.9777841881323
773134	"A1b/123V"	"B25"	26.7665859595825
145721	"A1b/140N"	"A8"	22.5362381485364
230836	"A1b/167X"	"C27"	6.62164988397879
658591	"A1b/162W"	"B25"	39.2201569085162
326642	"A1b/126J"	"C27"	15.5671985536724
537805	"A1b/181Y"	"A8"	8.19151468296934
265691	"A1b/117D"	"C27"	16.544748734698
186139	"A1b/117D"	"C27"	12.6287616069648
244463	"A1b/123V"	"C27"	4.60366064980923
243820	"A1b/123V"	"A8"	22.8285425985949
480850	"A1b/181Y"	"B25"	23.9611440133063
57556	"A1b/186F"	"A8"	6.35928699740675
395812	"A1b/126J"	"C27"	10.4606367404755
130232	"A1b/117D"	"B25"	19.3087247958671
612200	"A1b/196K"	"B25"	30.5454458416296
419979	"A1b/126J"	"B25"	16.6251263895299
989665	"A1b/198P"	"B25"	20.2097899641685
55249	"A1b/117D"	"A8"	8.55870878426941
473715	"A1b/118L"	"B25"	6.66026152019261
208316	"A1b/198P"	"B25"	10.2667897044792
562926	"A1b/117D"	"C27"	15.5761839059593
487722	"A1b/196K"	"A8"	18.7586401009822
959756	"A1b/118L"	"B25"	30.3723397428486
566859	"A1b/146I"	"A8"	19.0349281100638
345672	"A1b/140N"	"A8"	21.9582203467648
206173	"A1b/117D"	"A8"	33.9155576263181
501909	"A1b/117D"	"C27"	22.1892981502796
562784	"A1b/117D"	"B25"	9.36167537116317
100237	"A1b/118L"	"A8"	18.3520568195962
411563	"A1b/140N"	"A8"	28.9048274933428
448045	"A1b/127R"	"C27"	0.974653478246182
358567	"A1b/159G"	"B25"	20.067274674978
651651	"A1b/186F"	"C27"	10.4864499434968
673236	"A1b/117D"	"C27"	9.97822324022674
819322	"A1b/117D"	"B25"	25.7441995205639
686465	"A1b/178Q"	"A8"	9.56017422357099
214781	"A1b/117D"	"A8"	22.1937520451562
389177	"A1b/128T"	"A8"	16.2349770577588
697669	"A1b/118L"	"A8"	27.9928836904683
522284	"A1b/117D"	"B25"	22.0729511730165
507984	"A1b/117D"	"B25"	27.2283767953455
959396	"A1b/151C"	"A8"	28.3713569637387
940070	"A1b/117D"	"A8"	23.727677487357
463560	"A1b/162W"	"B25"	19.0727764115909
88699	"A1b/117D"	"A8"	18.4340877941336
881219	"A1b/178Q"	"A8"	8.11091099668947
691111	"A1b/128T"	"C27"	16.1655179469641
468811	"A1b/159G"	"B25"	9.2049783611749
337436	"A1b/118L"	"C27"	0.224238181021065
956394	"A1b/154U"	"A8"	13.7529636349313
186468	"A1b/117D"	"B25"	19.1396459326038
299149	"A1b/154U"	"A8"	27.6334045631897
333021	"A1b/118L"	"A8"	25.1760917014818
63362	"A1b/117D"	"B25"	19.997858831705
925982	"A1b/118L"	"B25"	18.632060494936
728552	"A1b/167X"	"A8"	22.2809778830773
323146	"A1b/118L"	"B25"	23.6501551220027
339724	"A1b/126J"	"B25"	2.43124090600798
316639	"A1b/128T"	"C27"	19.042965986077
327751	"A1b/128T"	"A8"	21.2295281419641
234550	"A1b/186F"	"C27"	17.2491938240175
106271	"A1b/123V"	"B25"	19.2025600260115
973048	"A1b/164A"	"C27"	22.1855603953032
909530	"A1b/146I"	"C27"	21.603557232671
203363	"A1b/117D"	"A8"	10.6029894089268
4018	"A1b/118L"	"A8"	23.1612414848636
918903	"A1b/154U"	"B25"	25.6646132364168
240898	"A1b/117D"	"B25"	10.7679589159682
38616	"A1b/167X"	"C27"	12.2159556976076
54163	"A1b/126J"	"C27"	14.0659285730031
493498	"A1b/118L"	"C27"	2.64358856991648
568396	"A1b/196K"	"B25"	16.2447790749197
659380	"A1b/117D"	"B25"	25.3239114586416
105267	"A1b/162W"	"A8"	27.8102958535261
30737	"A1b/128T"	"C27"	19.1378969051113
961893	"A1b/140N"	"A8"	33.1944068761552
868505	"A1b/117D"	"C27"	17.7386458409675
122098	"A1b/186F"	"C27"	20.7721129105193
233445	"A1b/127R"	"A8"	12.003502486797
830034	"A1b/117D"	"B25"	28.9267838261876
30618	"A1b/117D"	"B25"	21.5008641854088
544774	"A1b/178Q"	"A8"	34.3713939003844
689170	"A1b/140N"	"A8"	22.2121092442585
601636	"A1b/117D"	"A8"	18.5096084303117
523272	"A1b/128T"	"B25"	25.4993681179273
195984	"A1b/117D"	"C27"	6.70795493732309
84917	"A1b/151C"	"C27"	4.08753064666155
990687	"A1b/117D"	"A8"	8.60833472414372
893220	"A1b/117D"	"B25"	18.278985495427
622945	"A1b/117D"	"B25"	16.6711982845579
729558	"A1b/117D"	"C27"	17.4142689116304
204235	"A1b/123V"	"B25"	17.3870975774326
185992	"A1b/128T"	"C27"	14.1689819890647
610983	"A1b/123V"	"C27"	27.8993321719149
983792	"A1b/117D"	"A8"	35.4035217628669
57418	"A1b/181Y"	"B25"	24.3761741811121
297168	"A1b/178Q"	"B25"	15.23713227444
914979	"A1b/117D"	"C27"	25.3839382228527
508470	"A1b/117D"	"A8"	1.30730352550745
800793	"A1b/117D"	"A8"	15.7386696993957
601841	"A1b/118L"	"A8"	10.9976188833217
17607	"A1b/117D"	"C27"	11.1920577107811
74108	"A1b/140N"	"C27"	12.3462534229136
892784	"A1b/117D"	"B25"	24.7810438833611
964185	"A1b/126J"	"B25"	20.4082866929734
100676	"A1b/146I"	"A8"	22.6616036365847
423154	"A1b/181Y"	"C27"	25.3958160952035
93004	"A1b/154U"	"B25"	32.2601407311135
32187	"A1b/117D"	"C27"	13.6448410279397
509208	"A1b/127R"	"A8"	20.8213991827121
564919	"A1b/123V"	"C27"	1.18652252806351
870980	"A1b/123V"	"A8"	31.3499118744371
798502	"A1b/198P"	"A8"	22.5711150069667
273850	"A1b/162W"	"C27"	5.84111577291663
581154	"A1b/118L"	"B25"	23.9600814016237
785025	"A1b/117D"	"B25"	21.3367045492285
571646	"A1b/123V"	"A8"	28.6735261791757
699536	"A1b/117D"	"A8"	14.8818130407281
643229	"A1b/123V"	"C27"	19.7817003131562
205652	"A1b/117D"	"A8"	20.8910719209561
322343	"A1b/198P"	"C27"	1.51571485678545
373224	"A1b/118L"	"B25"	34.6947240297589
823334	"A1b/117D"	"C27"	2.20143539673263
498938	"A1b/117D"	"B25"	31.3794462410257
900366	"A1b/117D"	"A8"	28.8988104553939
757404	"A1b/117D"	"A8"	22.493281505214
616717	"A1b/151C"	"C27"	17.156389151063
86786	"A1b/117D"	"A8"	13.2122610981074
366337	"A1b/123V"	"C27"	14.774394776848
169076	"A1b/128T"	"A8"	22.5250373086303
606407	"A1b/123V"	"A8"	21.4615855784612
465391	"A1b/127R"	"A8"	6.94872072236106
181720	"A1b/118L"	"A8"	8.27519333646401
339872	"A1b/126J"	"B25"	14.5129326247301
189064	"A1b/123V"	"C27"	7.87381799383106
523173	"A1b/123V"	"B25"	19.798743365913
254782	"A1b/159G"	"B25"	16.9564454755943
439334	"A1b/154U"	"B25"	21.6559755174096
727998	"A1b/128T"	"C27"	18.798333939132
681136	"A1b/154U"	"C27"	24.9189793907129
649429	"A1b/118L"	"A8"	20.9616823974439
825736	"A1b/128T"	"A8"	39.0269427676743
773536	"A1b/117D"	"C27"	7.94784485104753
256036	"A1b/117D"	"B25"	20.1844398684196
624204	"A1b/118L"	"B25"	33.6148134640391
824429	"A1b/126J"	"B25"	10.961787883446
729707	"A1b/117D"	"C27"	9.8190160057678
592923	"A1b/127R"	"B25"	14.2289041915396
197476	"A1b/178Q"	"A8"	11.1104258043058
318148	"A1b/127R"	"C27"	0.696781368460506
951182	"A1b/117D"	"A8"	13.4769420628627
126191	"A1b/118L"	"A8"	18.8215968671895
991707	"A1b/117D"	"B25"	21.3047696513873
565003	"A1b/126J"	"A8"	35.5152066394373
718644	"A1b/117D"	"A8"	22.407279974282
986548	"A1b/123V"	"C27"	8.44915199411076
337141	"A1b/117D"	"A8"	15.8260061501432
877293	"A1b/127R"	"A8"	1.32283216745942
792233	"A1b/118L"	"B25"	2.47387411986274
143323	"A1b/146I"	"A8"	21.902069881286
39395	"A1b/126J"	"C27"	18.999890267189
663169	"A1b/151C"	"A8"	29.1977426702695
40324	"A1b/117D"	"B25"	17.0354208226946
106450	"A1b/178Q"	"A8"	7.12589877039255
633253	"A1b/146I"	"A8"	22.9400722580319
510145	"A1b/140N"	"C27"	29.3058784740461
959661	"A1b/189O"	"A8"	12.0166491949196
747988	"A1b/117D"	"B25"	11.5257230917193
230128	"A1b/127R"	"C27"	13.848444193243
240344	"A1b/117D"	"A8"	20.3875056134073
850337	"A1b/117D"	"A8"	17.3282367603903
942301	"A1b/154U"	"B25"	27.3990965548597
616773	"A1b/189O"	"B25"	25.422949768404
992419	"A1b/198P"	"A8"	15.282812884311
334279	"A1b/146I"	"B25"	6.66353715226479
324604	"A1b/117D"	"C27"	22.3499425664677
747271	"A1b/117D"	"C27"	16.4044988015974
936359	"A1b/128T"	"A8"	36.4639659825781
807413	"A1b/127R"	"C27"	0.273587540723383
669318	"A1b/189O"	"A8"	25.1670943593081
805604	"A1b/118L"	"A8"	17.0747306019993
999199	"A1b/118L"	"A8"	28.893888982728
167528	"A1b/159G"	"B25"	25.572752182408
791863	"A1b/117D"	"B25"	13.2248705972464
176509	"A1b/178Q"	"B25"	24.3234528772803
974455	"A1b/118L"	"A8"	22.4355316752335
263266	"A1b/118L"	"B25"	7.89862811821608
827473	"A1b/117D"	"A8"	33.0194508342632
817605	"A1b/118L"	"B25"	19.304592752437
754139	"A1b/181Y"	"C27"	3.14296493237334
554331	"A1b/151C"	"C27"	7.40753584546798
893840	"A1b/118L"	"A8"	18.6019789754908
91283	"A1b/118L"	"C27"	10.216281967315
944150	"A1b/162W"	"B25"	29.0052853129451
318657	"A1b/123V"	"B25"	23.1788284068846
989593	"A1b/164A"	"C27"	4.84793603318582
461854	"A1b/117D"	"A8"	23.1685830155275
18890	"A1b/126J"	"B25"	19.4480485634768
447860	"A1b/128T"	"B25"	34.2499268995115
424186	"A1b/126J"	"C27"	1.87259548483416
374580	"A1b/127R"	"A8"	6.00102153866417
736409	"A1b/128T"	"A8"	41.2375046642753
404571	"A1b/123V"	"A8"	21.9731961018644
568678	"A1b/154U"	"B25"	15.0835371023425
489393	"A1b/117D"	"A8"	22.8270234607288
79785	"A1b/126J"	"A8"	18.8922997677965
421376	"A1b/118L"	"C27"	15.2647470626517
440586	"A1b/123V"	"C27"	27.6470545928253
526427	"A1b/126J"	"B25"	18.127638585248
492898	"A1b/140N"	"C27"	22.6166040625201
10614	"A1b/118L"	"B25"	7.61013260181032
787604	"A1b/151C"	"A8"	26.5714924003851
442159	"A1b/117D"	"B25"	35.0546674849119
422364	"A1b/189O"	"B25"	27.6703180629875
588478	"A1b/118L"	"B25"	39.3260693891387
389923	"A1b/123V"	"C27"	23.7410585339245
698342	"A1b/123V"	"A8"	26.1792609095545
461487	"A1b/117D"	"C27"	11.5710864152136
443592	"A1b/118L"	"B25"	19.8515838306477
281611	"A1b/127R"	"A8"	13.2459687955563
533191	"A1b/164A"	"A8"	22.4050661513733
875325	"A1b/117D"	"B25"	19.3603764032901
472830	"A1b/117D"	"A8"	23.3070116937447
873619	"A1b/117D"	"C27"	8.18589701687501
749239	"A1b/140N"	"C27"	8.09604241317074
270145	"A1b/117D"	"A8"	20.7656481852325
602054	"A1b/117D"	"A8"	13.8156654454744
566453	"A1b/118L"	"A8"	29.5743280686026
166809	"A1b/117D"	"A8"	19.3566511037565
352443	"A1b/117D"	"C27"	4.73743556443786
274301	"A1b/118L"	"C27"	8.70337936693388
100575	"A1b/123V"	"A8"	14.5527401466839
945485	"A1b/118L"	"C27"	5.44143151652212
358945	"A1b/117D"	"B25"	28.5068022604787
904407	"A1b/117D"	"A8"	16.3347051506339
212087	"A1b/126J"	"B25"	25.3471188744086
386151	"A1b/117D"	"B25"	22.2622101602369
613306	"A1b/117D"	"A8"	25.2336414061196
691719	"A1b/118L"	"B25"	28.6270378810368
371599	"A1b/118L"	"B25"	14.7699866900738
879811	"A1b/164A"	"B25"	23.8866841738507
313071	"A1b/117D"	"C27"	9.34538608867698
945335	"A1b/151C"	"A8"	9.46664038250683
73001	"A1b/127R"	"C27"	1.73517372505739
910300	"A1b/117D"	"C27"	9.86373076811515
789331	"A1b/128T"	"A8"	23.7693538278429
266601	"A1b/140N"	"B25"	19.2460035324335
850087	"A1b/123V"	"C27"	16.1770508419824
552774	"A1b/118L"	"C27"	9.39841117303097
875047	"A1b/123V"	"B25"	25.9732482383526
123065	"A1b/127R"	"A8"	20.4544474187084
825318	"A1b/154U"	"B25"	31.5017695125886
92933	"A1b/181Y"	"C27"	20.7449862876918
985446	"A1b/146I"	"C27"	11.4053471289328
131361	"A1b/118L"	"B25"	25.0664577010352
576741	"A1b/146I"	"A8"	31.7057729815148
626540	"A1b/167X"	"B25"	24.8879706024861
182926	"A1b/117D"	"A8"	15.8050513025502
472209	"A1b/118L"	"C27"	8.09421432847726
393974	"A1b/117D"	"C27"	16.7538770305163
594533	"A1b/126J"	"A8"	25.0118373494243
316156	"A1b/127R"	"C27"	5.13487732318005
709875	"A1b/140N"	"C27"	7.57900426583426
984036	"A1b/117D"	"A8"	11.8209597942913
296955	"A1b/140N"	"A8"	26.0416107295963
979543	"A1b/128T"	"A8"	19.0397174591029
577992	"A1b/123V"	"B25"	25.9043577460018
834615	"A1b/118L"	"A8"	30.3841736090696
583229	"A1b/186F"	"C27"	14.9258146498672
298318	"A1b/117D"	"A8"	28.5821855979471
112004	"A1b/159G"	"B25"	16.2900797030169
292464	"A1b/117D"	"B25"	10.2601584404828
572044	"A1b/123V"	"A8"	13.6631288443823
438460	"A1b/117D"	"B25"	32.7557271023511
148428	"A1b/159G"	"B25"	27.7058755697935
573037	"A1b/181Y"	"A8"	28.8441387191731
795325	"A1b/117D"	"C27"	2.4807767301053
399782	"A1b/117D"	"B25"	25.9648230567396
763166	"A1b/123V"	"B25"	16.2724958391094
702322	"A1b/162W"	"B25"	50.3654518764664
620771	"A1b/126J"	"B25"	23.7222998892817
991598	"A1b/117D"	"A8"	31.2467265288187
431703	"A1b/140N"	"C27"	10.402559224753
410479	"A1b/167X"	"C27"	11.9241096060778
195341	"A1b/117D"	"C27"	12.5844198652615
812934	"A1b/117D"	"C27"	13.4466064508253
521767	"A1b/146I"	"B25"	16.6920863235596
383518	"A1b/126J"	"A8"	30.6925470013731
720692	"A1b/128T"	"A8"	28.7611034165845
542488	"A1b/162W"	"C27"	10.5286606929269
12457	"A1b/117D"	"B25"	21.4069298484654
114365	"A1b/117D"	"B25"	19.1627624404707
64245	"A1b/123V"	"A8"	28.5127033188635
649729	"A1b/117D"	"B25"	14.7785675739043
70266	"A1b/159G"	"C27"	23.5080752893447
572671	"A1b/198P"	"B25"	23.5422831064187
388730	"A1b/181Y"	"B25"	22.8434110191033
667158	"A1b/117D"	"B25"	24.7100104644162
613564	"A1b/123V"	"C27"	2.95368334200357
545155	"A1b/181Y"	"C27"	9.35963208527365
498254	"A1b/126J"	"B25"	27.7327438976644
658225	"A1b/118L"	"C27"	13.6375484864006
519121	"A1b/123V"	"C27"	11.7723406799241
996377	"A1b/117D"	"B25"	17.6260384864736
150260	"A1b/117D"	"A8"	25.4675294335036
143807	"A1b/159G"	"A8"	14.1124969553438
721953	"A1b/118L"	"B25"	21.2389661404254
594787	"A1b/117D"	"B25"	37.9989277122704
624501	"A1b/198P"	"B25"	19.9759773667603
190383	"A1b/127R"	"A8"	18.8347953652436
958187	"A1b/123V"	"A8"	15.8875892456729
501919	"A1b/118L"	"B25"	22.4419484258151
645897	"A1b/146I"	"A8"	18.3386692743185
545709	"A1b/118L"	"B25"	28.2697711465997
705194	"A1b/126J"	"B25"	21.1005989533026
169520	"A1b/126J"	"A8"	42.4951496970906
469883	"A1b/117D"	"C27"	14.7936538874019
124996	"A1b/117D"	"B25"	27.0989259832252
658046	"A1b/154U"	"A8"	15.5452990217058
740890	"A1b/118L"	"B25"	13.8070243402741
925159	"A1b/117D"	"B25"	29.5003434252991
692290	"A1b/128T"	"B25"	38.4696349953766
802638	"A1b/118L"	"B25"	28.1025268336369
922965	"A1b/117D"	"A8"	22.8113903550722
463271	"A1b/162W"	"C27"	11.1545549411235
983766	"A1b/117D"	"B25"	10.7319951432452
674404	"A1b/117D"	"C27"	22.3679465985378
692308	"A1b/140N"	"B25"	7.65177293697362
512739	"A1b/118L"	"C27"	1.89257011096925
324051	"A1b/126J"	"A8"	20.3972328666634
486139	"A1b/118L"	"A8"	24.040869386661
254906	"A1b/117D"	"C27"	1.22351740859449
529749	"A1b/123V"	"A8"	24.4252023376686
223508	"A1b/164A"	"C27"	8.48784932467975
707161	"A1b/117D"	"A8"	18.1345914135495
555624	"A1b/128T"	"B25"	29.6579045733537
705458	"A1b/123V"	"C27"	25.4961272255292
384603	"A1b/118L"	"B25"	32.5597742722793
968511	"A1b/159G"	"A8"	25.1737695768972
305805	"A1b/198P"	"B25"	27.0257952552734
614331	"A1b/118L"	"A8"	19.7085503996504
862014	"A1b/154U"	"A8"	12.548090063688
855401	"A1b/127R"	"A8"	9.25686426894551
296826	"A1b/118L"	"A8"	1.22605878930293
8183	"A1b/123V"	"B25"	32.8233990877699
89040	"A1b/118L"	"C27"	14.1630849150834
745625	"A1b/178Q"	"A8"	11.1876465980557
56970	"A1b/128T"	"C27"	18.2439600911045
549409	"A1b/118L"	"C27"	3.57647394835055
788036	"A1b/123V"	"B25"	14.6845703214028
29575	"A1b/117D"	"A8"	24.8919902631622
731859	"A1b/117D"	"C27"	12.5247562284774
432140	"A1b/128T"	"A8"	28.1821405831773
159389	"A1b/117D"	"C27"	2.57496117293076
534386	"A1b/118L"	"C27"	17.0259861857398
610870	"A1b/178Q"	"A8"	12.900491554257
99501	"A1b/126J"	"A8"	26.2487584416176
882176	"A1b/117D"	"B25"	21.2549421407124
168198	"A1b/126J"	"C27"	1.97840115102008
19244	"A1b/126J"	"C27"	21.8402466233349
646907	"A1b/117D"	"C27"	10.7355056734677
915501	"A1b/118L"	"C27"	10.9839015655597
851922	"A1b/126J"	"B25"	23.3510467384288
95752	"A1b/127R"	"A8"	8.89299235129783
20300	"A1b/118L"	"B25"	17.6273399232298
386888	"A1b/126J"	"B25"	14.3467484336551
706205	"A1b/118L"	"A8"	14.0795709968683
540860	"A1b/118L"	"A8"	18.6641564714016
89358	"A1b/126J"	"A8"	28.0008310496183
887261	"A1b/118L"	"B25"	25.4411505518631
360226	"A1b/128T"	"A8"	21.873921528879
897085	"A1b/117D"	"A8"	9.13391536873325
669761	"A1b/126J"	"C27"	23.4029055507914
379482	"A1b/159G"	"A8"	19.2865898348025
242266	"A1b/118L"	"B25"	24.1050313294897
404696	"A1b/118L"	"C27"	1.52680033352226
339035	"A1b/154U"	"C27"	14.0552344871404
120615	"A1b/159G"	"B25"	16.6219809775192
417905	"A1b/117D"	"C27"	7.05815984648063
684303	"A1b/117D"	"C27"	14.6782071070248
21777	"A1b/126J"	"B25"	23.9855028284218
85782	"A1b/117D"	"C27"	7.66799643927103
426103	"A1b/127R"	"A8"	7.47467479530451
423706	"A1b/123V"	"C27"	1.29404205425601
114635	"A1b/117D"	"C27"	1.67440809961408
542061	"A1b/126J"	"A8"	24.8626925025366
38964	"A1b/117D"	"B25"	33.2482403371484
168529	"A1b/118L"	"B25"	27.8115831463709
392889	"A1b/126J"	"B25"	22.2189404515442
242448	"A1b/123V"	"B25"	20.9077000635828
297149	"A1b/117D"	"B25"	16.121707894668
247333	"A1b/118L"	"A8"	22.9839908407376
262418	"A1b/123V"	"B25"	21.7765638162081
606634	"A1b/167X"	"A8"	30.8792547823841
30473	"A1b/198P"	"A8"	21.9980555385965
99208	"A1b/123V"	"C27"	12.372963558298
924492	"A1b/117D"	"C27"	6.29161484838565
408151	"A1b/127R"	"A8"	4.54731537003281
750718	"A1b/198P"	"C27"	13.5122149969325
62405	"A1b/117D"	"C27"	12.2253480219246
99198	"A1b/117D"	"B25"	14.7341395439101
468848	"A1b/178Q"	"A8"	12.7123573050617
222472	"A1b/118L"	"C27"	6.55079850155177
14522	"A1b/117D"	"B25"	27.4507937396938
859401	"A1b/118L"	"C27"	8.64231322528288
162983	"A1b/123V"	"C27"	14.9013668984051
533077	"A1b/196K"	"B25"	38.1669105197579
730558	"A1b/127R"	"C27"	5.88479541711328
869011	"A1b/127R"	"A8"	8.0612519922113
687666	"A1b/118L"	"C27"	20.7568590065691
835734	"A1b/189O"	"C27"	0.148462901357561
610443	"A1b/127R"	"B25"	2.43977618148973
757107	"A1b/164A"	"B25"	30.3044431637527
326936	"A1b/117D"	"B25"	25.9862793903027
347845	"A1b/118L"	"C27"	0.540301246102899
953870	"A1b/151C"	"B25"	23.0145274989277
45760	"A1b/123V"	"A8"	31.2409842523271
415566	"A1b/123V"	"A8"	23.6124356808989
826109	"A1b/127R"	"C27"	0.945256137289107
755358	"A1b/118L"	"C27"	16.1357440988069
72248	"A1b/117D"	"B25"	28.1275367894185
670613	"A1b/117D"	"C27"	24.2032611194679
739342	"A1b/117D"	"C27"	13.3058269801162
77933	"A1b/118L"	"C27"	13.1316138238832
646775	"A1b/140N"	"B25"	11.5245015305366
915425	"A1b/123V"	"A8"	19.9701908965587
33291	"A1b/117D"	"C27"	16.3481325930147
358908	"A1b/128T"	"B25"	28.0492170286623
39568	"A1b/123V"	"B25"	38.2987600158553
517647	"A1b/126J"	"A8"	22.1455750520038
676194	"A1b/154U"	"B25"	12.8080786478254
608716	"A1b/118L"	"A8"	13.9285517323589
197927	"A1b/162W"	"A8"	4.45622002330877
543164	"A1b/186F"	"A8"	9.59514411146991
994452	"A1b/117D"	"B25"	28.433396299746
789201	"A1b/162W"	"B25"	33.3915749674087
737949	"A1b/117D"	"A8"	9.42640343595013
515542	"A1b/118L"	"B25"	18.4666437137264
628721	"A1b/126J"	"C27"	10.0732846619056
770048	"A1b/117D"	"B25"	12.6445229195683
112714	"A1b/159G"	"C27"	11.7783616398588
172243	"A1b/196K"	"A8"	30.5098155578384
819980	"A1b/117D"	"C27"	4.17301665862922
818732	"A1b/126J"	"A8"	27.3039343716081
317731	"A1b/159G"	"B25"	23.9166708846104
352726	"A1b/123V"	"B25"	11.8267843429182
740022	"A1b/127R"	"B25"	28.4076078354749
293104	"A1b/198P"	"C27"	20.4388141962039
622878	"A1b/117D"	"A8"	17.3817259472514
453465	"A1b/126J"	"B25"	24.9622563243577
6644	"A1b/128T"	"A8"	22.1929317019226
78966	"A1b/118L"	"C27"	5.39841569854036
892552	"A1b/117D"	"A8"	16.9947109355626
499946	"A1b/154U"	"A8"	20.5364833594492
976268	"A1b/164A"	"A8"	11.9064937522183
353054	"A1b/117D"	"B25"	21.6935255144855
561021	"A1b/118L"	"C27"	11.8756220786989
130194	"A1b/126J"	"B25"	20.8943491061169
39883	"A1b/117D"	"C27"	10.3546650045063
329646	"A1b/117D"	"A8"	10.0263419889184
471354	"A1b/117D"	"B25"	22.0191093309112
854422	"A1b/126J"	"C27"	6.97781174149997
912398	"A1b/117D"	"C27"	11.0510196143726
386813	"A1b/118L"	"B25"	11.6613178525581
948416	"A1b/117D"	"B25"	20.8913993268188
965997	"A1b/118L"	"B25"	26.3832705519424
428364	"A1b/140N"	"B25"	18.634218564649
945486	"A1b/128T"	"C27"	20.5354143447761
817300	"A1b/181Y"	"B25"	18.9050021219021
458929	"A1b/117D"	"C27"	1.89924009423703
926689	"A1b/118L"	"A8"	16.0819382817487
864551	"A1b/164A"	"B25"	21.5082203025462
881090	"A1b/127R"	"C27"	7.02714564324867
580478	"A1b/118L"	"C27"	1.92374371887079
227182	"A1b/123V"	"B25"	21.5309064608055
786323	"A1b/127R"	"C27"	17.7135175317347
661312	"A1b/127R"	"A8"	12.5368968012767
492523	"A1b/167X"	"A8"	28.4885033303688
347289	"A1b/140N"	"B25"	19.4303155259684
988494	"A1b/178Q"	"C27"	0.109348059166223
770648	"A1b/117D"	"C27"	14.9966779404931
52228	"A1b/162W"	"B25"	44.631462223785
763894	"A1b/146I"	"B25"	34.5131906820064
332950	"A1b/117D"	"C27"	1.51178330984561
443131	"A1b/117D"	"A8"	23.7195408517888
467195	"A1b/151C"	"C27"	14.3991256131728
458268	"A1b/159G"	"A8"	2.6063001835183
811498	"A1b/118L"	"A8"	19.8758282394241
395027	"A1b/146I"	"B25"	23.2162651899332
30719	"A1b/126J"	"A8"	28.2574923442555
114624	"A1b/123V"	"A8"	16.5033140937115
359541	"A1b/128T"	"C27"	17.3554859626853
868869	"A1b/117D"	"A8"	18.3583384273427
702089	"A1b/151C"	"B25"	12.8537843079546
444749	"A1b/128T"	"C27"	1.21685907896608
40313	"A1b/117D"	"B25"	20.4027368214033
455875	"A1b/146I"	"C27"	9.22144393985473
915117	"A1b/117D"	"C27"	11.9892268347001
150289	"A1b/167X"	"A8"	33.748031539485
321921	"A1b/118L"	"A8"	17.7202686307584
491829	"A1b/117D"	"C27"	11.4724773970434
92979	"A1b/140N"	"C27"	0.294643149711192
963097	"A1b/162W"	"C27"	12.3923697670598
951000	"A1b/123V"	"C27"	12.9014212167483
572945	"A1b/117D"	"C27"	19.4253830954645
792625	"A1b/128T"	"A8"	16.9498439538493
273886	"A1b/117D"	"C27"	0.860590685158968
670953	"A1b/123V"	"B25"	15.0376913289056
218500	"A1b/117D"	"A8"	8.63920047200791
609115	"A1b/146I"	"B25"	20.323510978465
219958	"A1b/117D"	"B25"	25.0396511147574
566393	"A1b/117D"	"C27"	14.9242009118127
101290	"A1b/123V"	"C27"	17.4834912406783
314300	"A1b/146I"	"C27"	27.9611373335397
236465	"A1b/118L"	"A8"	23.0623193154246
330774	"A1b/140N"	"A8"	32.3617038137213
878664	"A1b/162W"	"B25"	39.3588538945909
350540	"A1b/123V"	"A8"	23.8047844235708
657386	"A1b/127R"	"C27"	7.69372653766339
414696	"A1b/178Q"	"A8"	20.9056310868109
659607	"A1b/186F"	"B25"	26.5009664813753
483798	"A1b/126J"	"C27"	18.4241439450763
438731	"A1b/127R"	"B25"	15.9919289944521
488601	"A1b/118L"	"B25"	21.3314320585543
506516	"A1b/123V"	"A8"	21.4638907576628
640059	"A1b/140N"	"B25"	35.349670652935
106943	"A1b/117D"	"A8"	35.5251937957033
978252	"A1b/118L"	"A8"	22.653664151231
443691	"A1b/167X"	"A8"	19.4486302603172
574750	"A1b/117D"	"B25"	18.7171957142331
764608	"A1b/140N"	"B25"	12.4790929594722
114501	"A1b/167X"	"C27"	20.7754571632623
362667	"A1b/117D"	"A8"	23.0980381609073
417404	"A1b/151C"	"C27"	2.03017667604811
722998	"A1b/128T"	"C27"	19.3545787105216
995045	"A1b/123V"	"C27"	9.31009282645479
444430	"A1b/117D"	"C27"	5.27569756246682
833736	"A1b/123V"	"B25"	26.6294131212944
545950	"A1b/127R"	"C27"	4.89634649173149
278162	"A1b/126J"	"C27"	17.4483727195039
604075	"A1b/126J"	"B25"	18.7728953025603
861754	"A1b/128T"	"A8"	12.9538299296496
572841	"A1b/189O"	"A8"	43.0754483210698
328431	"A1b/118L"	"A8"	13.0794270820954
187048	"A1b/118L"	"A8"	28.1228500450632
890031	"A1b/117D"	"A8"	21.7701379165724
84480	"A1b/151C"	"A8"	19.0805433146807
645046	"A1b/117D"	"B25"	27.8918011201698
837155	"A1b/159G"	"B25"	24.2515734782289
31346	"A1b/186F"	"C27"	1.75488471775008
883734	"A1b/123V"	"C27"	12.6854889425185
987551	"A1b/123V"	"B25"	12.6684477056353
204623	"A1b/123V"	"C27"	5.84645285459022
731424	"A1b/117D"	"B25"	15.6958509351493
598717	"A1b/118L"	"B25"	23.0590448142255
617550	"A1b/118L"	"B25"	10.3239849448068
132727	"A1b/126J"	"A8"	21.8761650197822
994017	"A1b/128T"	"B25"	29.5068525810982
613638	"A1b/117D"	"C27"	15.5163301329589
342764	"A1b/198P"	"A8"	13.822389179123
586853	"A1b/167X"	"C27"	21.1709276243487
694020	"A1b/128T"	"A8"	21.1046659374023
650231	"A1b/117D"	"B25"	19.6978757898389
257577	"A1b/127R"	"A8"	14.0514764701502
37915	"A1b/117D"	"C27"	2.3326208972891
355476	"A1b/162W"	"B25"	30.7587928620207
360953	"A1b/162W"	"B25"	35.0395412814769
929893	"A1b/164A"	"A8"	23.6326035293689
928408	"A1b/118L"	"B25"	30.8926481035979
574526	"A1b/117D"	"B25"	13.6158713753173
173338	"A1b/117D"	"C27"	14.0650464595637
870174	"A1b/123V"	"A8"	14.0379124934196
12139	"A1b/126J"	"A8"	16.1524800093799
682992	"A1b/198P"	"B25"	33.0888179189408
267487	"A1b/196K"	"A8"	25.2370829121694
804847	"A1b/118L"	"C27"	14.1644547108791
206799	"A1b/117D"	"C27"	11.5191530831383
493692	"A1b/117D"	"A8"	14.3093660332987
434912	"A1b/117D"	"A8"	22.7779383448432
657057	"A1b/186F"	"A8"	18.7025016585608
22770	"A1b/178Q"	"C27"	16.0709972177786
285570	"A1b/117D"	"B25"	9.80464899993381
758180	"A1b/123V"	"A8"	31.7562438387736
461207	"A1b/159G"	"C27"	8.16867514728315
700480	"A1b/123V"	"B25"	29.6497430376992
453066	"A1b/123V"	"B25"	21.7645009704732
870448	"A1b/118L"	"A8"	19.5142346657279
97427	"A1b/127R"	"A8"	0.587574321310967
321269	"A1b/117D"	"C27"	0.160496604628861
718551	"A1b/117D"	"C27"	17.4826501846572
369097	"A1b/140N"	"A8"	18.5252377570409
372276	"A1b/117D"	"C27"	13.3794862546312
351112	"A1b/117D"	"B25"	23.8405158355765
774094	"A1b/198P"	"B25"	28.5967072020394
923187	"A1b/117D"	"C27"	14.5332022176839
173286	"A1b/151C"	"A8"	28.9163803710783
747438	"A1b/118L"	"B25"	18.4763866834387
287282	"A1b/159G"	"C27"	17.8724125043573
699756	"A1b/186F"	"C27"	20.3618146620317
158007	"A1b/128T"	"B25"	16.4456763495205
496585	"A1b/117D"	"B25"	18.920837759108
578710	"A1b/164A"	"B25"	8.12866120896543
87565	"A1b/140N"	"C27"	13.6736988142996
149091	"A1b/126J"	"A8"	19.1767397246852
385252	"A1b/117D"	"C27"	12.2545199051002
749841	"A1b/117D"	"C27"	17.5933689547318
870497	"A1b/118L"	"B25"	22.417002248367
453506	"A1b/117D"	"C27"	18.0908926646623
756383	"A1b/162W"	"A8"	18.4812295815064
23624	"A1b/117D"	"C27"	4.5296298568651
429971	"A1b/118L"	"B25"	9.10287535058481
139802	"A1b/117D"	"B25"	29.9295024525955
841709	"A1b/118L"	"C27"	18.3129182042263
611641	"A1b/162W"	"C27"	1.20040136133374
677873	"A1b/117D"	"C27"	2.81596914107381
462319	"A1b/127R"	"B25"	14.5342513472411
370818	"A1b/117D"	"B25"	21.4676745846978
212722	"A1b/123V"	"C27"	1.08741007167938
599353	"A1b/117D"	"A8"	14.9800964505403
198545	"A1b/117D"	"A8"	7.6382295405956
295123	"A1b/178Q"	"B25"	20.6717162476269
383010	"A1b/128T"	"A8"	25.8852004465763
996108	"A1b/181Y"	"C27"	11.5078297238364
348932	"A1b/178Q"	"C27"	13.6080823235382
823273	"A1b/146I"	"A8"	14.7415071365394
835395	"A1b/117D"	"C27"	18.2598068416838
906307	"A1b/123V"	"C27"	21.3275931209655
461294	"A1b/154U"	"C27"	1.06482151895761
958070	"A1b/117D"	"B25"	28.5184497437713
867067	"A1b/118L"	"B25"	21.3398067619827
463980	"A1b/128T"	"A8"	21.3402382965825
540134	"A1b/151C"	"C27"	10.1078899298158
290542	"A1b/186F"	"B25"	15.0319233045444
728594	"A1b/196K"	"C27"	12.7772808770348
34194	"A1b/127R"	"A8"	3.62954408891203
918283	"A1b/126J"	"C27"	10.0935778863201
275823	"A1b/117D"	"C27"	8.31861972828266
980524	"A1b/167X"	"C27"	5.39170934432525
733823	"A1b/123V"	"C27"	22.3385944883651
182203	"A1b/117D"	"A8"	20.4234818895798
768381	"A1b/159G"	"B25"	31.5135993917203
431590	"A1b/178Q"	"C27"	2.52494683820581
721106	"A1b/117D"	"C27"	16.3732678740348
37144	"A1b/118L"	"B25"	26.8883724238349
488203	"A1b/164A"	"B25"	27.553454617003
156944	"A1b/117D"	"C27"	18.1513207933235
105789	"A1b/118L"	"C27"	2.02944933958734
86560	"A1b/126J"	"A8"	16.4788840046703
484438	"A1b/146I"	"A8"	16.3680925185379
821147	"A1b/126J"	"A8"	24.4066856432895
327458	"A1b/123V"	"A8"	24.7287008223131
571899	"A1b/140N"	"B25"	24.7493005492408
270420	"A1b/159G"	"B25"	18.7990889051229
653670	"A1b/117D"	"C27"	0.636764200404286
477756	"A1b/117D"	"C27"	3.29462769480912
946325	"A1b/189O"	"A8"	22.1912826875088
27806	"A1b/117D"	"C27"	14.3906766741268
461310	"A1b/146I"	"A8"	33.5537589971833
760224	"A1b/118L"	"B25"	9.75371486234235
683242	"A1b/128T"	"B25"	21.944254767033
649658	"A1b/117D"	"B25"	22.6084687373128
481795	"A1b/118L"	"C27"	21.6560458978621
582340	"A1b/126J"	"C27"	11.8544030788016
888681	"A1b/117D"	"A8"	23.6598433302097
787209	"A1b/123V"	"C27"	27.6656594775025
813506	"A1b/181Y"	"A8"	32.1327693919508
397232	"A1b/127R"	"B25"	16.0080895901656
903329	"A1b/117D"	"B25"	31.0991167288497
886847	"A1b/154U"	"C27"	1.00215492025018
724706	"A1b/118L"	"A8"	23.1070991859244
243955	"A1b/126J"	"C27"	7.69931197494467
331123	"A1b/117D"	"C27"	15.0705880761031
350633	"A1b/126J"	"B25"	25.021100817415
296287	"A1b/196K"	"C27"	16.3282950183879
641810	"A1b/127R"	"C27"	0.25950643280521
258947	"A1b/128T"	"C27"	14.5503122912195
471707	"A1b/128T"	"A8"	14.6103906317354
252869	"A1b/118L"	"A8"	23.529086267104
432736	"A1b/117D"	"B25"	34.9700133861717
605911	"A1b/123V"	"C27"	20.9031318079053
525746	"A1b/186F"	"B25"	17.5311273026218
198358	"A1b/117D"	"A8"	33.7726293336797
588782	"A1b/126J"	"C27"	7.47213776479278
746166	"A1b/117D"	"A8"	14.7616005018109
917422	"A1b/151C"	"C27"	4.97730513121001
209723	"A1b/128T"	"A8"	23.9977505841009
763423	"A1b/198P"	"B25"	34.1599414714684
109879	"A1b/117D"	"B25"	21.0070096804169
298165	"A1b/198P"	"B25"	14.7650082302372
17930	"A1b/159G"	"A8"	25.4989850293253
638035	"A1b/123V"	"C27"	7.83422588558928
664954	"A1b/118L"	"C27"	17.5137832773089
323964	"A1b/167X"	"B25"	17.2662940934304
849343	"A1b/159G"	"C27"	14.7635797976068
8901	"A1b/118L"	"A8"	23.2766478987258
445870	"A1b/117D"	"C27"	6.27948923487337
825142	"A1b/128T"	"B25"	33.2880685424425
504135	"A1b/126J"	"B25"	35.5283436738365
274587	"A1b/196K"	"C27"	1.7137003761197
649620	"A1b/151C"	"B25"	24.6123073708364
38585	"A1b/118L"	"A8"	21.4663722674692
905758	"A1b/123V"	"C27"	2.69715247492718
298126	"A1b/117D"	"C27"	8.32830388931398
179422	"A1b/189O"	"B25"	13.076443345572
535648	"A1b/164A"	"B25"	28.292890079535
549921	"A1b/186F"	"B25"	33.6352987894953
804834	"A1b/117D"	"A8"	21.2370598363623
115839	"A1b/118L"	"C27"	13.6246394180368
451395	"A1b/178Q"	"A8"	14.724292030267
598183	"A1b/117D"	"C27"	6.80181776129742
625540	"A1b/178Q"	"B25"	26.9327688095783
852980	"A1b/117D"	"A8"	25.2676487290189
641675	"A1b/117D"	"A8"	13.0343814229916
454277	"A1b/117D"	"B25"	15.1357372054241
570698	"A1b/167X"	"B25"	30.7706688640893
377308	"A1b/154U"	"A8"	23.9688701839659
540684	"A1b/126J"	"A8"	27.4066765316624
641228	"A1b/167X"	"A8"	13.6721348644824
879206	"A1b/126J"	"B25"	39.6473833408858
955887	"A1b/126J"	"A8"	27.1684825526509
833142	"A1b/117D"	"C27"	14.4728052424975
155387	"A1b/159G"	"B25"	33.7601236198239
837195	"A1b/118L"	"B25"	7.36630136097824
469268	"A1b/126J"	"A8"	28.9360245862381
870507	"A1b/167X"	"A8"	24.5860139891595
664852	"A1b/159G"	"B25"	14.7453729561034
722902	"A1b/123V"	"B25"	21.3902973873208
434895	"A1b/178Q"	"B25"	16.4628662417388
696310	"A1b/123V"	"B25"	20.6645675762441
647916	"A1b/117D"	"C27"	4.10232977229632
4681	"A1b/127R"	"C27"	8.3847088831242
741793	"A1b/126J"	"C27"	18.3831080164303
204162	"A1b/117D"	"C27"	14.3586963959749
747445	"A1b/118L"	"B25"	33.724818952949
445914	"A1b/198P"	"C27"	14.5731981407956
697242	"A1b/127R"	"B25"	9.47652089980855
325013	"A1b/117D"	"B25"	15.3380318207081
624271	"A1b/162W"	"B25"	40.3888621340318
111364	"A1b/159G"	"A8"	24.2947371590473
519241	"A1b/118L"	"C27"	2.3302312604594
55552	"A1b/167X"	"C27"	12.9108222618096
38041	"A1b/178Q"	"C27"	17.8648747945954
118334	"A1b/118L"	"A8"	21.4370221603618
771530	"A1b/117D"	"B25"	21.7021853422021
858403	"A1b/117D"	"B25"	8.68808641627382
982175	"A1b/178Q"	"B25"	16.9674578831697
323673	"A1b/126J"	"B25"	13.0577574786561
350007	"A1b/118L"	"A8"	17.4866832217252
580259	"A1b/117D"	"A8"	24.0515519192982
454639	"A1b/118L"	"B25"	16.2065329367592
736070	"A1b/186F"	"B25"	30.9405559555963
668197	"A1b/126J"	"C27"	18.2082105148187
503661	"A1b/117D"	"C27"	17.6506447516243
765524	"A1b/118L"	"C27"	7.94618508117847
692203	"A1b/117D"	"C27"	13.6720515858857
366686	"A1b/123V"	"C27"	7.46733101265162
239254	"A1b/178Q"	"A8"	19.7989609233638
518003	"A1b/154U"	"C27"	1.37317524058744
335429	"A1b/198P"	"A8"	18.5991712176023
222946	"A1b/117D"	"C27"	22.4931242805798
816219	"A1b/167X"	"C27"	13.1868764622643
250492	"A1b/181Y"	"B25"	23.3359513983763
365397	"A1b/151C"	"A8"	17.6189940667007
836987	"A1b/117D"	"A8"	10.9821157040747
317993	"A1b/123V"	"A8"	23.1265899956028
253104	"A1b/128T"	"A8"	27.93086590014
312748	"A1b/151C"	"A8"	6.5683891698175
835417	"A1b/151C"	"A8"	18.4900010176743
53662	"A1b/186F"	"A8"	7.43322678845431
663800	"A1b/117D"	"C27"	10.1563560194456
581562	"A1b/127R"	"C27"	0.537511421833187
139009	"A1b/117D"	"A8"	14.2076901202257
525639	"A1b/126J"	"B25"	29.217693374579
210191	"A1b/118L"	"C27"	3.91944643282291
558391	"A1b/140N"	"A8"	30.1966236057688
541459	"A1b/186F"	"A8"	34.1912273468002
21248	"A1b/189O"	"B25"	24.7175918354374
130795	"A1b/151C"	"A8"	29.2356190638624
610245	"A1b/123V"	"A8"	15.1198315510482
1099	"A1b/127R"	"A8"	15.7685447944449
501349	"A1b/123V"	"C27"	5.82736371010896
560382	"A1b/123V"	"A8"	23.2755497630443
685759	"A1b/117D"	"B25"	16.5019045887998
512469	"A1b/178Q"	"A8"	23.5802391745399
606557	"A1b/154U"	"A8"	13.5537232331086
428294	"A1b/159G"	"C27"	6.26683053959272
257457	"A1b/181Y"	"A8"	30.1336524259955
177539	"A1b/117D"	"A8"	15.9979350308323
963975	"A1b/198P"	"C27"	13.4328353099352
103944	"A1b/146I"	"A8"	16.9166818597102
347325	"A1b/126J"	"A8"	17.1903318031712
497089	"A1b/181Y"	"A8"	9.70187039417525
806524	"A1b/140N"	"A8"	30.850341948736
146112	"A1b/118L"	"B25"	21.0752108117417
495645	"A1b/126J"	"A8"	27.7038521866278
345135	"A1b/146I"	"A8"	28.2653133812325
952062	"A1b/117D"	"C27"	18.7706956272885
307819	"A1b/181Y"	"B25"	15.3999846140464
885212	"A1b/167X"	"A8"	16.7874177018336
975063	"A1b/128T"	"B25"	31.2912725456343
517389	"A1b/117D"	"B25"	16.1424602025816
207680	"A1b/181Y"	"B25"	43.3924712858998
354333	"A1b/126J"	"A8"	31.6082365140153
425566	"A1b/118L"	"C27"	6.84205957250348
732532	"A1b/178Q"	"B25"	35.8318652770418
246410	"A1b/126J"	"A8"	18.2039157445746
460587	"A1b/178Q"	"B25"	17.9236968030682
869505	"A1b/118L"	"C27"	0.891589495819062
263405	"A1b/146I"	"A8"	3.25016627763738
591491	"A1b/154U"	"A8"	21.3050405782865
547413	"A1b/118L"	"A8"	24.8948206816148
738496	"A1b/118L"	"A8"	14.8626254187949
94406	"A1b/127R"	"A8"	12.9372269041743
277668	"A1b/118L"	"C27"	14.3895525282859
922668	"A1b/118L"	"A8"	12.7590030872294
561858	"A1b/117D"	"A8"	21.7626921449189
471660	"A1b/117D"	"A8"	15.371756103289
725162	"A1b/123V"	"B25"	21.1662518157243
119189	"A1b/127R"	"B25"	13.1690727245157
957049	"A1b/123V"	"A8"	8.47906416205982
700784	"A1b/159G"	"C27"	9.29039190291994
810861	"A1b/154U"	"A8"	22.4786286924754
234498	"A1b/198P"	"B25"	34.5373775325278
233240	"A1b/151C"	"B25"	25.053309045475
904088	"A1b/117D"	"A8"	12.7869341799163
656197	"A1b/151C"	"C27"	12.0667492533143
947246	"A1b/118L"	"C27"	14.6783080214843
430049	"A1b/118L"	"C27"	5.76548584124753
695375	"A1b/178Q"	"C27"	5.82269177584419
863442	"A1b/126J"	"C27"	4.12056748668441
872369	"A1b/117D"	"A8"	19.6886074956096
689818	"A1b/117D"	"B25"	6.95564339912778
703051	"A1b/118L"	"B25"	32.2974272334606
171229	"A1b/117D"	"A8"	20.7305251769686
463483	"A1b/117D"	"A8"	28.0951069840652
777193	"A1b/128T"	"B25"	28.484666607471
513488	"A1b/123V"	"A8"	18.0165315107895
732035	"A1b/127R"	"B25"	1.49971534078941
430757	"A1b/178Q"	"A8"	23.9545260887957
280530	"A1b/117D"	"B25"	22.5822890297312
683812	"A1b/118L"	"C27"	0.277706446988159
733146	"A1b/123V"	"B25"	12.2031902618611
87862	"A1b/117D"	"C27"	15.0747500134155
130030	"A1b/151C"	"C27"	13.2140445766988
697087	"A1b/117D"	"B25"	16.2764614942061
319842	"A1b/128T"	"C27"	19.0107232613482
503703	"A1b/117D"	"B25"	14.285848662866
853041	"A1b/164A"	"A8"	21.1956036461302
304733	"A1b/162W"	"C27"	12.9408908481625
365851	"A1b/123V"	"C27"	16.7966584289388
602191	"A1b/126J"	"A8"	24.0458944973346
280524	"A1b/126J"	"B25"	24.699213356583
347547	"A1b/123V"	"B25"	31.7275147125297
432858	"A1b/118L"	"C27"	9.38876557720695
505086	"A1b/154U"	"C27"	11.6652105305706
126818	"A1b/117D"	"C27"	17.2567542882465
107371	"A1b/128T"	"B25"	33.0737789852226
368920	"A1b/164A"	"A8"	27.1730799006397
991118	"A1b/123V"	"B25"	11.6858838788514
608309	"A1b/127R"	"B25"	16.8716325221451
383224	"A1b/117D"	"B25"	17.4054374985759
386692	"A1b/117D"	"B25"	31.5779859682331
831060	"A1b/123V"	"C27"	13.2527413274495
53523	"A1b/162W"	"C27"	13.6642824096704
522157	"A1b/151C"	"C27"	20.7546185117391
896382	"A1b/127R"	"C27"	1.19797748373821
203606	"A1b/167X"	"B25"	22.4588756106736
360156	"A1b/127R"	"C27"	1.6543322103098
545634	"A1b/159G"	"C27"	14.3493113251301
833698	"A1b/118L"	"C27"	17.6747804559017
382185	"A1b/146I"	"A8"	11.1320685186644
561419	"A1b/196K"	"B25"	33.243147576363
995803	"A1b/117D"	"C27"	9.80669667855593
278723	"A1b/123V"	"A8"	28.2198454029995
930057	"A1b/159G"	"A8"	22.87351728689
965729	"A1b/146I"	"C27"	7.10963692951569
656139	"A1b/198P"	"A8"	25.2937513472729
193266	"A1b/118L"	"C27"	19.6503987216164
20464	"A1b/118L"	"C27"	1.40649805031717
15584	"A1b/118L"	"B25"	22.8973198287751
101054	"A1b/196K"	"C27"	10.045973197689
162967	"A1b/118L"	"B25"	18.3221046405522
41068	"A1b/154U"	"A8"	30.6463326101132
785909	"A1b/117D"	"A8"	17.0151308564097
547067	"A1b/127R"	"C27"	1.96177135407925
602961	"A1b/117D"	"B25"	16.7956046583563
371480	"A1b/151C"	"C27"	6.13871336242583
200846	"A1b/123V"	"A8"	12.8862635243988
202338	"A1b/118L"	"B25"	23.7520024617352
299254	"A1b/140N"	"C27"	13.3979631277826
60049	"A1b/117D"	"A8"	25.7935923094596
474229	"A1b/198P"	"A8"	29.5245038679409
705219	"A1b/117D"	"C27"	3.12807897235334
365483	"A1b/118L"	"C27"	15.601545377657
430477	"A1b/126J"	"B25"	34.620557684422
344078	"A1b/117D"	"A8"	13.3769891037011
783327	"A1b/126J"	"A8"	32.8561014514871
660838	"A1b/140N"	"A8"	29.9647884170863
591331	"A1b/117D"	"B25"	24.3000156703726
19304	"A1b/128T"	"B25"	28.7638670562955
254217	"A1b/117D"	"B25"	7.14971386016154
159556	"A1b/123V"	"A8"	19.9571382096179
752070	"A1b/126J"	"C27"	11.5768607678982
63248	"A1b/126J"	"C27"	16.3693730323994
305895	"A1b/164A"	"C27"	18.0051311677777
740156	"A1b/118L"	"C27"	5.31214751704245
673045	"A1b/128T"	"C27"	13.1323035936099
876789	"A1b/151C"	"C27"	9.93303325891146
204362	"A1b/117D"	"A8"	11.4105119791982
785066	"A1b/140N"	"B25"	21.82188927421
406756	"A1b/127R"	"A8"	5.18748486782122
85778	"A1b/128T"	"C27"	19.3463659863449
562257	"A1b/123V"	"C27"	9.53093407474901
994542	"A1b/159G"	"A8"	23.0577934255341
12907	"A1b/118L"	"C27"	26.3630936794865
211555	"A1b/117D"	"B25"	22.9722985555647
179765	"A1b/151C"	"A8"	21.0882546414646
344615	"A1b/126J"	"A8"	24.9790290747033
229179	"A1b/127R"	"A8"	24.2254712710749
25880	"A1b/151C"	"C27"	0.215095994528383
633491	"A1b/126J"	"C27"	16.4826696929574
709478	"A1b/118L"	"C27"	7.43994631472921
780789	"A1b/117D"	"B25"	13.9270349040778
855577	"A1b/117D"	"B25"	35.6517824863055
166902	"A1b/117D"	"B25"	16.57734957198
78594	"A1b/123V"	"C27"	8.62925320078419
55374	"A1b/140N"	"B25"	15.6021814470982
822543	"A1b/128T"	"A8"	25.85509143822
233768	"A1b/117D"	"C27"	15.1511689226014
813287	"A1b/164A"	"A8"	24.0187104001313
952290	"A1b/117D"	"B25"	15.6733119525289
874202	"A1b/178Q"	"B25"	21.0677851066798
265927	"A1b/196K"	"A8"	18.7889432712297
456576	"A1b/117D"	"C27"	16.02713424227
140362	"A1b/123V"	"B25"	23.5087552903454
798185	"A1b/126J"	"C27"	3.51073845538733
682438	"A1b/127R"	"A8"	20.5019999658821
454595	"A1b/186F"	"B25"	11.836105880809
191012	"A1b/154U"	"C27"	12.4950168069556
826721	"A1b/118L"	"B25"	32.8410995884237
24815	"A1b/117D"	"C27"	0.51233267923817
713857	"A1b/118L"	"A8"	15.7850752857051
157817	"A1b/164A"	"C27"	17.8110311094852
281100	"A1b/196K"	"B25"	25.730901103685
862189	"A1b/164A"	"C27"	1.42176711106697
374825	"A1b/178Q"	"C27"	0.398379827849567
53624	"A1b/123V"	"C27"	1.22586397407576
277183	"A1b/118L"	"C27"	17.4440111158401
569095	"A1b/117D"	"B25"	22.2799685522223
881074	"A1b/178Q"	"C27"	8.99176954885288
688813	"A1b/118L"	"B25"	31.8818967710229
308513	"A1b/117D"	"C27"	10.6406709111246
338367	"A1b/140N"	"A8"	28.1274903824036
967650	"A1b/140N"	"B25"	23.8067507420783
323171	"A1b/162W"	"B25"	34.3569629084279
313788	"A1b/151C"	"A8"	11.7664638204556
255286	"A1b/117D"	"B25"	24.3511152304188
933858	"A1b/196K"	"A8"	19.5698871153994
118624	"A1b/117D"	"A8"	23.8352374436114
832418	"A1b/117D"	"B25"	22.4051028113433
682954	"A1b/126J"	"A8"	22.3794725557063
420994	"A1b/167X"	"A8"	15.9624132649601
288087	"A1b/118L"	"B25"	14.5070248769248
776715	"A1b/117D"	"C27"	1.68042166635652
594013	"A1b/178Q"	"B25"	17.184648734593
47658	"A1b/127R"	"C27"	14.5288242079707
489902	"A1b/123V"	"B25"	26.3188676174812
936357	"A1b/117D"	"B25"	5.77885319147667
283207	"A1b/117D"	"C27"	1.22885745911109
843363	"A1b/123V"	"B25"	20.8383138129371
165802	"A1b/189O"	"A8"	15.0826204205521
808365	"A1b/126J"	"A8"	21.569466060922
104695	"A1b/154U"	"B25"	11.0960577544643
384392	"A1b/117D"	"A8"	11.1876724273011
488967	"A1b/164A"	"A8"	9.88601591442819
451512	"A1b/117D"	"B25"	15.3226993233462
809345	"A1b/117D"	"B25"	23.352737427132
711939	"A1b/117D"	"A8"	18.5216281707301
677110	"A1b/164A"	"A8"	31.2304098634471
422050	"A1b/118L"	"C27"	10.892360781902
49967	"A1b/127R"	"A8"	0.696747875306755
683681	"A1b/178Q"	"C27"	0.744904447346926
44946	"A1b/140N"	"B25"	23.2125125616427
220762	"A1b/127R"	"A8"	16.0860850556686
785916	"A1b/127R"	"C27"	9.3339756016163
732426	"A1b/118L"	"B25"	19.7474020809019
120221	"A1b/126J"	"C27"	17.6704154384985
761891	"A1b/117D"	"A8"	25.9117855817748
738432	"A1b/117D"	"B25"	9.61448239838627
178911	"A1b/140N"	"B25"	32.4845693277594
891565	"A1b/162W"	"A8"	13.994984434893
587328	"A1b/126J"	"A8"	17.8715510271556
747845	"A1b/128T"	"A8"	22.7604875763119
920256	"A1b/181Y"	"C27"	3.62992686813111
432991	"A1b/118L"	"A8"	14.1026472587034
799574	"A1b/127R"	"C27"	0.229613258503377
904839	"A1b/117D"	"A8"	18.2018330764837
158982	"A1b/198P"	"B25"	26.4630189805521
196274	"A1b/118L"	"B25"	4.92619722460714
334267	"A1b/167X"	"A8"	21.4878084577772
697295	"A1b/117D"	"A8"	29.0632711103752
571165	"A1b/123V"	"B25"	37.6469268134671
30505	"A1b/123V"	"C27"	8.97755140497306
786520	"A1b/118L"	"B25"	20.0419300308637
338545	"A1b/118L"	"C27"	16.5645853896937
943208	"A1b/117D"	"A8"	16.3803327690427
376853	"A1b/164A"	"C27"	16.9594803071659
335192	"A1b/126J"	"C27"	7.47520117774576
828349	"A1b/123V"	"A8"	13.2076043425285
45029	"A1b/127R"	"C27"	1.97823659097776
938716	"A1b/162W"	"C27"	7.25380496430916
653847	"A1b/118L"	"C27"	22.781320474947
117153	"A1b/118L"	"A8"	20.1352473779692
64876	"A1b/117D"	"C27"	13.7203374929513
270154	"A1b/181Y"	"B25"	23.5611181952397
932158	"A1b/118L"	"B25"	23.6232429538297
579520	"A1b/140N"	"A8"	26.060871422991
388982	"A1b/146I"	"B25"	8.62701888956539
691597	"A1b/123V"	"C27"	25.4561901201424
854584	"A1b/118L"	"C27"	0.47637433372438
431380	"A1b/140N"	"A8"	29.7126104644157
234786	"A1b/118L"	"C27"	14.1837165878797
470699	"A1b/151C"	"B25"	10.0728606003027
519537	"A1b/117D"	"B25"	17.3063858927408
627119	"A1b/123V"	"A8"	25.9956046471933
610722	"A1b/123V"	"C27"	8.74056443055615
620507	"A1b/154U"	"A8"	21.1009235474325
739547	"A1b/146I"	"C27"	5.8305081951241
753458	"A1b/117D"	"C27"	7.91337652044082
930214	"A1b/162W"	"B25"	23.6924388230983
246497	"A1b/140N"	"A8"	18.1625942003914
771511	"A1b/126J"	"A8"	28.7524579402975
630053	"A1b/164A"	"A8"	16.3588540434106
403247	"A1b/127R"	"A8"	12.9362577571839
809392	"A1b/117D"	"B25"	19.5006143467201
388554	"A1b/117D"	"B25"	29.8312583676866
100389	"A1b/128T"	"C27"	11.5515762913475
558690	"A1b/117D"	"C27"	28.4994615654388
70965	"A1b/167X"	"C27"	11.2858873886404
147596	"A1b/140N"	"B25"	15.7985195696049
389719	"A1b/162W"	"A8"	31.8663690456951
749940	"A1b/117D"	"C27"	10.2829331429726
894435	"A1b/126J"	"B25"	29.3592084970287
818827	"A1b/117D"	"A8"	10.6274468342895
992163	"A1b/117D"	"A8"	28.6406420736164
830109	"A1b/123V"	"B25"	20.2196769953773
378460	"A1b/123V"	"C27"	14.8433468691336
755159	"A1b/117D"	"C27"	10.7536952527282
654549	"A1b/117D"	"B25"	13.5594157183109
291918	"A1b/123V"	"A8"	26.7261475476819
529118	"A1b/164A"	"A8"	30.9765522836541
56968	"A1b/164A"	"A8"	25.126346917232
953756	"A1b/127R"	"A8"	9.85970780922067
547098	"A1b/123V"	"A8"	21.4208014143821
709538	"A1b/117D"	"C27"	15.8319341744109
881855	"A1b/126J"	"A8"	31.606256336976
225572	"A1b/126J"	"C27"	10.6417831190664
179439	"A1b/117D"	"B25"	3.00801913824181
134463	"A1b/128T"	"A8"	41.9295007072431
667956	"A1b/117D"	"C27"	15.2934027420648
76886	"A1b/118L"	"B25"	19.1596146049595
892570	"A1b/151C"	"A8"	20.3720434269904
842740	"A1b/117D"	"A8"	17.1111966624391
315663	"A1b/117D"	"A8"	10.8203943056444
796557	"A1b/181Y"	"B25"	22.5168005406497
940964	"A1b/117D"	"B25"	31.5787656337881
322722	"A1b/128T"	"C27"	8.47530828592353
898860	"A1b/117D"	"A8"	30.398646851343
937262	"A1b/164A"	"A8"	33.3577968659666
957635	"A1b/117D"	"A8"	15.8456543712307
198124	"A1b/123V"	"A8"	27.6791726125193
128123	"A1b/128T"	"A8"	32.2517680416819
148279	"A1b/117D"	"B25"	28.5747223488944
324551	"A1b/117D"	"C27"	0.561686030123383
92504	"A1b/126J"	"A8"	21.7361643380488
908727	"A1b/178Q"	"A8"	11.9805108293688
776353	"A1b/128T"	"A8"	23.229692887221
748630	"A1b/146I"	"A8"	14.0979502904444
549271	"A1b/123V"	"B25"	33.2355399641213
727431	"A1b/117D"	"B25"	19.8038928074949
280051	"A1b/181Y"	"C27"	16.8278763488506
900324	"A1b/118L"	"B25"	28.1506837249346
708643	"A1b/196K"	"C27"	17.0314522235126
130003	"A1b/181Y"	"C27"	5.39192024032019
275621	"A1b/126J"	"C27"	24.4066746101074
644895	"A1b/128T"	"B25"	30.7204508175807
269361	"A1b/123V"	"B25"	21.6496644823371
860262	"A1b/127R"	"B25"	6.1492535507352
17737	"A1b/118L"	"C27"	0.897875330876559
144	"A1b/118L"	"C27"	0.26540690427646
159229	"A1b/140N"	"A8"	25.3354126976357
991863	"A1b/126J"	"B25"	19.5040051962413
17699	"A1b/118L"	"A8"	19.2711339807504
509856	"A1b/126J"	"C27"	8.10253961295222
232743	"A1b/127R"	"A8"	10.1230998439807
348376	"A1b/118L"	"B25"	15.1224577055359
804036	"A1b/123V"	"C27"	12.4717236513075
388098	"A1b/126J"	"B25"	32.5335819279925
460173	"A1b/146I"	"B25"	15.0936850705306
677809	"A1b/118L"	"C27"	12.6020808303355
194641	"A1b/117D"	"C27"	3.29439751935384
37857	"A1b/128T"	"A8"	24.6031103335647
772589	"A1b/128T"	"B25"	27.099424193704
174752	"A1b/159G"	"C27"	5.94928768869103
38744	"A1b/159G"	"C27"	11.4357243211984
798134	"A1b/123V"	"B25"	20.4009755334512
3674	"A1b/117D"	"A8"	22.5576381006008
815684	"A1b/118L"	"A8"	23.0149417166811
674688	"A1b/118L"	"C27"	17.391147713018
418394	"A1b/189O"	"A8"	16.3325296517189
97325	"A1b/117D"	"C27"	7.19711308073322
73556	"A1b/117D"	"C27"	9.42759507944607
16191	"A1b/117D"	"C27"	11.8742972666226
220766	"A1b/117D"	"C27"	20.7777270383143
568658	"A1b/198P"	"B25"	9.47021594927139
499132	"A1b/128T"	"C27"	23.122569727074
120289	"A1b/198P"	"C27"	5.80844003737
839674	"A1b/127R"	"A8"	9.33649028754554
807037	"A1b/117D"	"C27"	16.6828436332758
974499	"A1b/118L"	"C27"	0.553752887062728
82692	"A1b/118L"	"C27"	4.47554245891628
331309	"A1b/126J"	"B25"	18.6139738712817
877854	"A1b/123V"	"B25"	23.9140411066756
902919	"A1b/117D"	"B25"	24.346675234088
386408	"A1b/159G"	"C27"	8.88955329166772
768267	"A1b/118L"	"B25"	18.6717816780209
129418	"A1b/123V"	"A8"	22.6275484142049
30172	"A1b/123V"	"B25"	27.6914680019383
814290	"A1b/117D"	"A8"	25.8827637320922
248863	"A1b/123V"	"A8"	34.5936832556289
723833	"A1b/117D"	"B25"	16.2077573938249
657874	"A1b/126J"	"C27"	15.0773792622124
152590	"A1b/151C"	"C27"	20.3805762360232
259204	"A1b/151C"	"A8"	22.990846327745
656460	"A1b/123V"	"B25"	16.3875585470174
471117	"A1b/123V"	"B25"	27.7794198777628
82124	"A1b/128T"	"C27"	11.8316645865752
840554	"A1b/151C"	"B25"	23.0819341725876
823747	"A1b/117D"	"C27"	17.6892235538305
791434	"A1b/140N"	"A8"	8.45221118340697
22501	"A1b/196K"	"B25"	20.687166944005
408851	"A1b/128T"	"B25"	19.5080284723055
91841	"A1b/151C"	"A8"	12.6002607949017
372846	"A1b/127R"	"C27"	1.78683907398954
442298	"A1b/127R"	"A8"	14.7446623616658
522955	"A1b/117D"	"C27"	6.09481108731047
491421	"A1b/117D"	"C27"	15.101033643081
369360	"A1b/181Y"	"B25"	21.914737974241
828114	"A1b/167X"	"C27"	5.49491052473644
876460	"A1b/117D"	"B25"	30.927312380705
703179	"A1b/117D"	"A8"	19.2956564521562
583078	"A1b/117D"	"B25"	17.0157215509397
136700	"A1b/118L"	"B25"	24.6926754645511
901716	"A1b/118L"	"A8"	21.4046476367655
961383	"A1b/123V"	"B25"	19.765531085356
232445	"A1b/118L"	"B25"	28.6048582506686
31844	"A1b/117D"	"A8"	16.7264498235736
845178	"A1b/118L"	"C27"	0.666013529989868
374032	"A1b/118L"	"A8"	21.9531372238808
944075	"A1b/167X"	"C27"	7.24831508845289
36462	"A1b/126J"	"B25"	4.56258358603071
703617	"A1b/167X"	"A8"	12.477468892501
545744	"A1b/118L"	"A8"	15.1827238124251
466246	"A1b/118L"	"C27"	1.96872403891757
151958	"A1b/198P"	"C27"	10.2803950186449
43369	"A1b/117D"	"C27"	3.56547348163992
934460	"A1b/117D"	"B25"	31.9408283112919
901948	"A1b/164A"	"C27"	6.85792307531228
953408	"A1b/117D"	"C27"	0.52453068876639
509094	"A1b/198P"	"C27"	7.82046509835044
191472	"A1b/117D"	"B25"	22.3438006490933
437935	"A1b/126J"	"A8"	12.332647199291
690688	"A1b/117D"	"C27"	7.01336887288018
911043	"A1b/117D"	"B25"	24.7541283558589
990033	"A1b/118L"	"B25"	19.3766527100036
634207	"A1b/126J"	"A8"	22.3377105437955
522560	"A1b/127R"	"C27"	12.1028858221544
340721	"A1b/151C"	"A8"	24.4899508145493
455056	"A1b/178Q"	"B25"	20.8397799967397
247178	"A1b/118L"	"B25"	26.1723745641957
949646	"A1b/127R"	"B25"	14.114284803554
674036	"A1b/118L"	"A8"	13.4769596070706
818724	"A1b/118L"	"C27"	16.274999766035
45855	"A1b/154U"	"C27"	1.83588316338137
817877	"A1b/162W"	"C27"	6.28426812333804
265866	"A1b/126J"	"A8"	41.0004724209847
130144	"A1b/118L"	"A8"	16.8853640838551
879672	"A1b/123V"	"A8"	10.5327138150802
941857	"A1b/118L"	"A8"	17.9555852563463
91835	"A1b/117D"	"C27"	1.86736407503486
634325	"A1b/117D"	"B25"	9.49601868359369
33793	"A1b/154U"	"C27"	20.1330864969531
17968	"A1b/189O"	"B25"	22.5776645061109
136381	"A1b/117D"	"B25"	31.4688752223544
645563	"A1b/117D"	"A8"	7.01168880366678
477189	"A1b/117D"	"A8"	19.7754262578683
70399	"A1b/123V"	"B25"	21.4678981446287
385146	"A1b/126J"	"C27"	12.5510734659826
908093	"A1b/167X"	"B25"	16.4201199170341
961941	"A1b/128T"	"C27"	11.3604773783732
973307	"A1b/118L"	"B25"	25.7490063280634
887790	"A1b/117D"	"B25"	25.1618542220599
433350	"A1b/126J"	"A8"	26.6122276847269
791559	"A1b/128T"	"A8"	22.1790679102938
171398	"A1b/128T"	"A8"	28.9842181828237
437454	"A1b/162W"	"C27"	24.0940501955644
101424	"A1b/117D"	"C27"	4.60419001713593
60587	"A1b/117D"	"C27"	14.3099219365066
859315	"A1b/117D"	"C27"	2.46770515002811
191869	"A1b/117D"	"A8"	21.3774732295534
92266	"A1b/118L"	"B25"	32.1627151084784
936679	"A1b/162W"	"A8"	27.9978293900369
